Reference, Quantity, Value, Footprint, Datasheet,Link,Số lượng
BT1 ,1,Battery_Cell,nhantt-kicad-lib:BT3V3,,dientuachau,5
C1 C2 C4 ,3,7pF,Capacitors_SMD:C_0805_HandSoldering,,dientuachau,15
C10 C11 ,2,20pF,Capacitors_SMD:C_0805_HandSoldering,,dientuachau,10
C12 C37 C40 C53 ,4,10uF,Capacitors_SMD:C_1206_HandSoldering,,dientuachau,20
C13 C14 C15 C16 C17 C19 C20 C21 C22 C23 C24 C25 C27 C28 C3 C30 C31 C32 C33 C35 C36 C38 C39 C41 C42 C43 C44 C45 C46 C47 C48 C49 C5 C50 C51 C52 C54 C9 ,38,100nF,Capacitors_SMD:C_0805_HandSoldering,,dientuachau,190
C18 ,1,1uF,Capacitors_SMD:C_0805_HandSoldering,,dientuachau,5
C26 ,1,330uF/25V,nhantt-kicad-lib:CP_Elec_10x10.5,,dientuachau,5
C29 ,1,10nF,Capacitors_SMD:C_0805_HandSoldering,,dientuachau,5
C34 ,1,100uF/16V,nhantt-kicad-lib:CP_Elec_8x10.5,,dientuachau,5
C6 C7 ,2,10pF,Capacitors_SMD:C_0805_HandSoldering,,dientuachau,10
C8 ,1,220uF/50V,nhantt-kicad-lib:CP_Elec_10x10.5,,dientuachau,5
D1 D2 ,2,D_TVS,nhantt-kicad-lib:D_SMB_Handsoldering,,https://banlinhkien.vn/goods-4215-diode-tvs-p6ke30a-30v-smbj30a.html,10
D13 ,1,SS44,nhantt-kicad-lib:D_SMB_Standard,,https://banlinhkien.vn/goods-7267-diode-shotky-5a-40v-ss54-sma-1n5824-dan-chan-nho-.html,5
D14 ,1,LED_STATUS,LEDs:LED_0805_HandSoldering,,dientuachau,5
D15 ,1,POWER_LED,LEDs:LED_0805_HandSoldering,,dientuachau,5
D16 D17 D18 D19 D24 D25 D26 D27 ,8,12V,nhantt-kicad-lib:SOD-80,,,40
D20 D21 D22 D23 D28 D29 D30 D31 ,8,D_ALT,nhantt-kicad-lib:D_SMA_Standard,,http://www.dientuachau.com/1n4007-m7,40
D3 D4 ,2,D_ALT,nhantt-kicad-lib:SOD-80,,https://banlinhkien.vn/goods-7004-diode-t7-sod123-1n4007-sod123-.html,10
D32 D33 D34 ,3,3v3,nhantt-kicad-lib:SOD-80,,http://www.dientuachau.com/zmm3-3,15
D5 ,1,D_TVS_ALT,nhantt-kicad-lib:D_SMA_Standard,,https://banlinhkien.vn/goods-4215-diode-tvs-p6ke30a-30v-smbj30a.html,5
D8 ,1,D_ALT,nhantt-kicad-lib:D_SMB_Handsoldering,,http://www.dientuachau.com/1n4007-m7,5
D10 D11 D12 D6 D7 D9 ,6,12,nhantt-kicad-lib:SOD-80,,http://www.dientuachau.com/zmm15,30
F1 F2 F3 ,3,Fuse,nhantt-kicad-lib:Fuse_SMD1812,,,15
IC1 IC2 IC3 IC4 IC5 IC6 IC7 IC8 ,8,6N137,PH_Footprint:PH_6N137,,https://banlinhkien.vn/goods-2837-6n137-sop8-opto-10mbit-s.html,40
J1 J10 ,2,Conn_01x10,nhantt-kicad-lib:Terminal_Block_10Pin_3.81_Straight_Screw,,,10
J16 ,1,Conn_01x04,Pin_Headers:Pin_Header_Straight_1x04_Pitch2.54mm,,,5
J2 ,1,Conn_01x02,nhantt-kicad-lib:Terminal_Block_2Pin_3.81_Straight_Screw,,,5
J11 J3 J8 J9 ,4,Conn_01x04,nhantt-kicad-lib:Terminal_Block_4Pin_3.81_Straight_Screw,,,20
J4 J6 ,2,HE10-20,w_conn_strip:vasch_strip_10x2,,,10
J5 ,1,Conn_02x20_Top_Bottom,w_conn_strip:vasch_strip_20x2,,,5
J7 ,1,Conn_02x07_Odd_Even,w_conn_strip:vasch_strip_7x2,,,5
L1 ,1,1uH,Inductors_SMD:L_0805_HandSoldering,,dientuachau,5
L2 ,1,47uH,Inductors_SMD:L_Neosid_SM-NE127_HandSoldering,,http://www.dientuachau.com/rh127-331-h-1,5
LS1 ,1,Speaker,Buzzers_Beepers:Buzzer_15x7.5RM7.6,,http://www.dientuachau.com/d12-5v-siren-piezo,5
P1 ,1,USB_OTG,nhantt-kicad-lib:USB_Micro-B,,http://www.dientuachau.com/micro-usb,5
Q1 ,1,C1815,nhantt-kicad-lib:SOT-23,,http://www.dientuachau.com/c1815s,5
Q2 ,1,A1015,nhantt-kicad-lib:SOT-23,,http://www.dientuachau.com/a1015s,5
Q10 Q11 Q12 Q3 Q4 Q5 Q6 Q9 ,8,Q_NMOS_GDS,nhantt-kicad-lib:TO-252-2,,https://banlinhkien.vn/goods-6054-me15n10-to252-mosfet-n-ch-14a-100v.html,40
Q13 Q14 Q15 Q16 Q7 Q8 ,6,LN2302,nhantt-kicad-lib:SOT-23,,http://www.dientuachau.com/ln2302,30
R10 R11 ,2,22R,Resistors_SMD:R_0805_HandSoldering,,dientuachau,10
R12 ,1,1.5k,Resistors_SMD:R_0805_HandSoldering,,dientuachau,5
R102 R103 R104 R105 R107 R108 R109 R110 R111 R112 R113 R16 R22 R23 R24 R25 R26 R27 R30 R33 R36 R48 R49 R50 R51 R52 R53 R54 R55 R60 R61 R62 R63 R76 R77 R78 R79 R80 R81 R82 R83 R84 R85 R9 R91 R92 R93 R94 R95 R96 R97 R98 R99 ,53,10k,Resistors_SMD:R_0805_HandSoldering,,dientuachau,265
R2 R34 R7 ,3,2.2k,Resistors_SMD:R_0805_HandSoldering,,dientuachau,15
R28 ,1,390R,Resistors_SMD:R_0805_HandSoldering,,dientuachau,5
R1 R3 ,2,20k,Resistors_SMD:R_0805_HandSoldering,,dientuachau,10
R29 R32 R37 R38 R40 R45 R64 R65 R66 ,9,1k,Resistors_SMD:R_0805_HandSoldering,,dientuachau,45
R15 R17 R18 R19 R20 R21 R4 R6 R8 ,9,4.7k,Resistors_SMD:R_0805_HandSoldering,,dientuachau,45
R100 R101 R106 R31 R35 R41 R42 R43 R44 R69 R70 R71 R72 R74 R75 R86 ,16,220R,Resistors_SMD:R_0805_HandSoldering,,dientuachau,80
R13 R14 R39 R46 R47 R5 R67 R68 R73 ,9,0R,Resistors_SMD:R_0805_HandSoldering,,dientuachau,45
R56 R57 R58 R59 R87 R88 R89 R90 ,8,10R,Resistors_SMD:R_0805_HandSoldering,,dientuachau,40
RV1 RV2 RV3 ,3,POT,nhantt-kicad-lib:VR1,,dientuachau,15
SW1 ,1,RESET,nhantt-kicad-lib:Button_SW_2PIN,,https://thegioiic.com/products/nut-nhan-3x6x2-5-2pin-smd-dau-do,5
U1 ,1,24LC64,nhantt-kicad-lib:SOIC-8_3.9x4.9mm_Pitch1.27mm,,http://tme.vn/Product.aspx?id=1750#page=pro_info,5
U11 ,1,ASM1117,nhantt-kicad-lib:SOT-223,,http://www.dientuachau.com/ams1117-3-3v,5
U12 ,1,STM32F103VETx,nhantt-kicad-lib:LQFP-100_14x14mm_Pitch0.5mm,,http://tme.vn/Product.aspx?id=1835#page=pro_info,5
U13 ,1,MS_B_XT_1WR2,PH_Footprint:PH_MS_B_XT-1WR2,,,5
U14 U15 U24 U29 ,4,LM358,nhantt-kicad-lib:SOIC-8_3.9x4.9mm_Pitch1.27mm,,http://www.dientuachau.com/lm358dr,20
U10 U19 ,2,74HC245,nhantt-kicad-lib:TSSOP-20_4.4x6.5mm_Pitch0.65mm,,http://www.dientuachau.com/74hc245p,10
U2 ,1,MAX485,nhantt-kicad-lib:SOIC-8_3.9x4.9mm_Pitch1.27mm,,http://tme.vn/Product.aspx?id=482#page=pro_info,5
U21 U22 U23 ,3,HCRN200,PH_Footprint:PH_HCRN200,,,15
U16 U17 U18 U20 U25 U26 U27 U28 U3 U4 U5 U6 U7 U8 ,14,PC817,nhantt-kicad-lib:Optocoupler_SMD,,http://www.dientuachau.com/pc817xnnip0f,70
U9 ,1,LM2596S-5,TO_SOT_Packages_SMD:TO-263-5_TabPin3,,http://www.dientuachau.com/lm2596sx-5,5
Y1 ,1,32768Khz,nhantt-kicad-lib:Crystal_Round_Horizontal_3mm_smd,,http://www.dientuachau.com/ab26t-32-768khz,5
Y2 ,1,8Mhz,nhantt-kicad-lib:Crystal_SMD_HC49-SD,,http://www.dientuachau.com/8mhz-hc49-us,5
