Reference, Quantity, Value, Footprint,Link
AE1 AE2 ,2,Anten_GPS,PH_Footprint:PH_Antena_sma_Angel,https://banlinhkien.vn/goods-2387-de-anten-sma-5-chan-loai-duc-cong-.html
C1 ,1,100uF/50V,nhantt-kicad-lib:CP_Elec_10x10.5,http://www.dientuachau.com/cap-alum-100uf-50v-1
C10 C13 C16 C18 C20 C25 C28 C3 C30 C34 C8 ,11,33pF,Capacitors_SMD:C_0603_HandSoldering,https://thegioiic.com/products/tu-33pf-50v-0603
C12 C15 C17 C19 C24 C27 C29 C35 C7 C9 ,10,10pF,Capacitors_SMD:C_0603_HandSoldering,https://thegioiic.com/products/tu-10pf-50v-0603
C14 ,1,33p,Capacitors_SMD:C_0603_HandSoldering,https://thegioiic.com/products/tu-33pf-50v-0603
C2 C36 C6 ,3,100nF,Capacitors_SMD:C_0805_HandSoldering,https://thegioiic.com/products/tu-100nf-0-1uf-50v-0603
C21 ,1,CP1,Capacitors_Tantalum_SMD:CP_Tantalum_Case-T_EIA-3528-12_Wave,https://thegioiic.com/products/tu-tantalum-100uf-6-3v-1411-tajb107k006rnj
C22 C23 C4 ,3,100nF,Capacitors_SMD:C_0603_HandSoldering,https://thegioiic.com/products/tu-100nf-0-1uf-50v-0603
C26 C37 ,2,100uF,Capacitors_Tantalum_SMD:CP_Tantalum_Case-T_EIA-3528-12_Wave,https://thegioiic.com/products/tu-tantalum-100uf-6-3v-1411-tajb107k006rnj
C11 C31 C32 ,3,C,Capacitors_SMD:C_0603_HandSoldering,~
C33 ,1,10uF,Capacitors_SMD:C_0603_HandSoldering,https://thegioiic.com/products/tu-10uf-50v-0603 
C5 ,1,330uF,nhantt-kicad-lib:CP_Elec_10x10.5,http://www.dientuachau.com/cap-alum-330uf-25v 
D1 ,1,D_TVS,nhantt-kicad-lib:D_SMB_Standard,http://www.dientuachau.com/smbj36ca 
D2 ,1,D_ALT,nhantt-kicad-lib:D_SMB_Standard,https://banlinhkien.vn/goods-944-diode-m7-1n4007-smd-1a-1000v.html
D20 D6 ,2,LED_ALT,LEDs:LED_0805_HandSoldering,"http://www.dientuachau.com/led-0805-red
http://www.dientuachau.com/search?query=Led+blue"
D3 ,1,D_Schottky,nhantt-kicad-lib:D_SMA_Standard,https://banlinhkien.vn/goods-1870-diode-ss34-3a-40v-smb-1n5822-ss34b-.html 
D11 D17 D18 D19 D21 D22 D23 D24 D25 D26 D4 D5 ,12,D_TVS_ALT,Diodes_SMD:D_SOD-323_HandSoldering,https://banlinhkien.vn/goods-10783-az2225-01l-sot-323-esd-protection-dd-10c-.html
F1 ,1,Fuse,nhantt-kicad-lib:Fuse_SMD1812,https://banlinhkien.vn/goods-9175-cau-chi-tu-phuc-hoi-1-5a-24v-smd1812-mf-msmf150-24x-2.html 
J1 ,1,Conn_01x02,nhantt-kicad-lib:Domino-5.08mm_2pol,https://banlinhkien.vn/goods-1305-header-2p-ch5-08-2p-duc-thang.html 
J10 ,1,Conn_01x05,Pin_Headers:Pin_Header_Straight_1x05_Pitch2.54mm,~
J2 ,1,USB_B_Micro,nhantt-kicad-lib:USB_Micro-B,http://www.dientuachau.com/micro-usb 
J3 ,1,SIM_Card,nhantt-kicad-lib:socket_microsim_6p,https://banlinhkien.vn/goods-4033-socket-microsim-6p-push-skm01.html 
J4 ,1,Conn_01x02,nhantt-kicad-lib:HDRV3W64_1X2_762X254X1154,~
J11 J5 ,2,Conn_01x10,Pin_Headers:Pin_Header_Straight_1x10_Pitch2.00mm,
J6 ,1,Audio_PJ-342,nhantt-kicad-lib:Audio_PJ-342,https://banlinhkien.vn/goods-6030-jack-audio-3-5mm-pj-342.html 
J7 ,1,Conn_01x06,Pin_Headers:Pin_Header_Straight_1x06_Pitch2.00mm,~
J8 ,1,Conn_01x08,Pin_Headers:Pin_Header_Straight_1x08_Pitch2.54mm,https://thegioiic.com/products/kf2510-8-chan-thang 
J9 ,1,Conn_01x05,Pin_Headers:Pin_Header_Straight_1x05_Pitch2.00mm,~
L1 ,1,100uH,Inductors_SMD:L_12x12mm_h8mm,http://tme.vn/Product.aspx?id=1060#page=pro_info
L2 ,1,270R/FB101,Inductors_THT:L_Axial_L7.0mm_D3.3mm_P5.08mm_Vertical_Fastron_MICC,http://tme.vn/Product.aspx?id=1118#page=pro_info 
L10 L3 L4 L7 L8 L9 ,6,Ferrite_bead,Inductors_SMD:L_0603_HandSoldering,~
L5 L6 ,2,L_Small,Inductors_SMD:L_0603_HandSoldering,~
Q1 Q2 ,2,C1815,nhantt-kicad-lib:SOT-23,http://www.dientuachau.com/c1815s 
R10 R11 R13 ,3,10k,Resistors_SMD:R_0603_HandSoldering,https://banlinhkien.vn/goods-6333-tro-0603-1-10k-50c-.html 
R12 ,1,300R,Resistors_SMD:R_0603_HandSoldering,https://banlinhkien.vn/goods-6322-tro-0603-5-220r-50c-.html
R1 R2 R3 ,3,22R,Resistors_SMD:R_0603_HandSoldering,https://banlinhkien.vn/goods-6331-tro-0603-5-22r-50c-.html 
R4 R7 ,2,47k,Resistors_SMD:R_0603_HandSoldering,https://banlinhkien.vn/goods-7665-tro-0603-5-47k-50c-.html 
R5 ,1,2.2k,Resistors_SMD:R_0805_HandSoldering,https://banlinhkien.vn/goods-5237-tro-0805-5-2-2k-50c-.html 
R14 R6 ,2,1k,Resistors_SMD:R_0805_HandSoldering,https://banlinhkien.vn/goods-5468-tro-0805-1-1k-50c-.html 
R8 R9 ,2,R,Resistors_SMD:R_0603_HandSoldering,~
U2 ,1,LM2596S-ADJ,TO_SOT_Packages_SMD:TO-263-5_TabPin3,https://thegioiic.com/products/lm2596s-adj-nopb 
U1 U3 ,2,TVS_Diode_Array_SMF05C,TO_SOT_Packages_SMD:SOT-363_SC-70-6_Handsoldering,https://banlinhkien.vn/goods-7559-smf05c-sot363-tvs-diode-esd-protection.html 
U4 ,1,SIM5320E,nhantt-kicad-lib:SIM5320E,https://banlinhkien.vn/goods-9839-sim5320e-chinh-hang-khong-co-mach-.html 
