<?xml version="1.0" encoding="UTF-8"?>
<export version="D">
  <design>
    <source>E:/Project/2018/phuonghai/PH_main_water_sample_hw_v2/motor_driver_water_sample_hw/motor_driver_water_sample_hw.sch</source>
    <date>28/12/2018 4:41:58 CH</date>
    <tool>Eeschema 4.0.7</tool>
    <sheet number="1" name="/" tstamps="/">
      <title_block>
        <title>H-Bridge-Motor-Controller-hw</title>
        <company>Phuong Hai</company>
        <rev/>
        <date>2018-08-04</date>
        <source>motor_driver_water_sample_hw.sch</source>
        <comment number="1" value=""/>
        <comment number="2" value=""/>
        <comment number="3" value=""/>
        <comment number="4" value=""/>
      </title_block>
    </sheet>
  </design>
  <components>
    <comp ref="C40">
      <value>100nF</value>
      <footprint>Capacitors_SMD:C_0805_HandSoldering</footprint>
      <libsource lib="device" part="C"/>
      <sheetpath names="/" tstamps="/"/>
      <tstamp>5B653136</tstamp>
    </comp>
    <comp ref="U9">
      <value>MC34063</value>
      <footprint>nhantt-kicad-lib:SOIC-8_3.9x4.9mm_Pitch1.27mm</footprint>
      <libsource lib="nhantt-kicad-lib" part="MC34063"/>
      <sheetpath names="/" tstamps="/"/>
      <tstamp>5B67FDD8</tstamp>
    </comp>
    <comp ref="F4">
      <value>Fuse</value>
      <footprint>Fuse_Holders_and_Fuses:Fuse_TE5_Littlefuse-395Series</footprint>
      <libsource lib="device" part="Fuse"/>
      <sheetpath names="/" tstamps="/"/>
      <tstamp>5B68ABA5</tstamp>
    </comp>
    <comp ref="D24">
      <value>D_TVS_ALT</value>
      <footprint>nhantt-kicad-lib:D_SMB_Handsoldering</footprint>
      <libsource lib="device" part="D_TVS_ALT"/>
      <sheetpath names="/" tstamps="/"/>
      <tstamp>5B68AF6F</tstamp>
    </comp>
    <comp ref="C32">
      <value>100nF</value>
      <footprint>Capacitors_SMD:C_0805_HandSoldering</footprint>
      <libsource lib="device" part="C"/>
      <sheetpath names="/" tstamps="/"/>
      <tstamp>5B68E4A7</tstamp>
    </comp>
    <comp ref="R58">
      <value>0.15</value>
      <footprint>Resistors_SMD:R_1206_HandSoldering</footprint>
      <libsource lib="device" part="R"/>
      <sheetpath names="/" tstamps="/"/>
      <tstamp>5B6962A7</tstamp>
    </comp>
    <comp ref="D30">
      <value>SS34</value>
      <footprint>nhantt-kicad-lib:D_SMA_Standard</footprint>
      <libsource lib="device" part="D_Schottky_ALT"/>
      <sheetpath names="/" tstamps="/"/>
      <tstamp>5B696F63</tstamp>
    </comp>
    <comp ref="L3">
      <value>L</value>
      <footprint>nhantt-kicad-lib:Inductor_5.2x5.8x4.5</footprint>
      <libsource lib="device" part="L"/>
      <sheetpath names="/" tstamps="/"/>
      <tstamp>5B697388</tstamp>
    </comp>
    <comp ref="C35">
      <value>220uF/25V</value>
      <footprint>nhantt-kicad-lib:CP_Elec_8x10.5</footprint>
      <libsource lib="device" part="CP1"/>
      <sheetpath names="/" tstamps="/"/>
      <tstamp>5B698329</tstamp>
    </comp>
    <comp ref="C38">
      <value>100nF</value>
      <footprint>Capacitors_SMD:C_0805_HandSoldering</footprint>
      <libsource lib="device" part="C"/>
      <sheetpath names="/" tstamps="/"/>
      <tstamp>5B69866E</tstamp>
    </comp>
    <comp ref="R61">
      <value>1k/1%</value>
      <footprint>Resistors_SMD:R_0805_HandSoldering</footprint>
      <libsource lib="device" part="R"/>
      <sheetpath names="/" tstamps="/"/>
      <tstamp>5B699702</tstamp>
    </comp>
    <comp ref="R62">
      <value>3k/1%</value>
      <footprint>Resistors_SMD:R_0805_HandSoldering</footprint>
      <libsource lib="device" part="R"/>
      <sheetpath names="/" tstamps="/"/>
      <tstamp>5B699AB8</tstamp>
    </comp>
    <comp ref="C31">
      <value>33p</value>
      <footprint>Capacitors_SMD:C_0805_HandSoldering</footprint>
      <libsource lib="device" part="C"/>
      <sheetpath names="/" tstamps="/"/>
      <tstamp>5B69BE29</tstamp>
    </comp>
    <comp ref="D29">
      <value>D_ALT</value>
      <footprint>nhantt-kicad-lib:D_SMB_Handsoldering</footprint>
      <libsource lib="device" part="D_ALT"/>
      <sheetpath names="/" tstamps="/"/>
      <tstamp>5B69D392</tstamp>
    </comp>
    <comp ref="J1">
      <value>Conn_01x02</value>
      <footprint>nhantt-kicad-lib:Terminal2-7.62</footprint>
      <libsource lib="conn" part="Conn_01x02"/>
      <sheetpath names="/" tstamps="/"/>
      <tstamp>5BBE5DC0</tstamp>
    </comp>
    <comp ref="Q5">
      <value>IRF3205</value>
      <footprint>TO_SOT_Packages_SMD:TO-263-2</footprint>
      <libsource lib="device" part="Q_NMOS_GDS"/>
      <sheetpath names="/" tstamps="/"/>
      <tstamp>5BBE8791</tstamp>
    </comp>
    <comp ref="Q11">
      <value>IRF3205</value>
      <footprint>TO_SOT_Packages_SMD:TO-263-2</footprint>
      <libsource lib="device" part="Q_NMOS_GDS"/>
      <sheetpath names="/" tstamps="/"/>
      <tstamp>5BBE8CB1</tstamp>
    </comp>
    <comp ref="Q6">
      <value>IRF3205</value>
      <footprint>TO_SOT_Packages_SMD:TO-263-2</footprint>
      <libsource lib="device" part="Q_NMOS_GDS"/>
      <sheetpath names="/" tstamps="/"/>
      <tstamp>5BBE8F59</tstamp>
    </comp>
    <comp ref="Q12">
      <value>IRF3205</value>
      <footprint>TO_SOT_Packages_SMD:TO-263-2</footprint>
      <libsource lib="device" part="Q_NMOS_GDS"/>
      <sheetpath names="/" tstamps="/"/>
      <tstamp>5BBE90E3</tstamp>
    </comp>
    <comp ref="U13">
      <value>IR2113</value>
      <footprint>Housings_SOIC:SOIC-16W_7.5x10.3mm_Pitch1.27mm</footprint>
      <libsource lib="nhantt-kicad-lib" part="IR2113"/>
      <sheetpath names="/" tstamps="/"/>
      <tstamp>5BBED189</tstamp>
    </comp>
    <comp ref="C21">
      <value>22uF</value>
      <footprint>Capacitors_SMD:CP_Elec_6.3x4.5</footprint>
      <libsource lib="device" part="CP1"/>
      <sheetpath names="/" tstamps="/"/>
      <tstamp>5BBEDEC2</tstamp>
    </comp>
    <comp ref="R17">
      <value>10R</value>
      <footprint>Resistors_SMD:R_0805_HandSoldering</footprint>
      <libsource lib="device" part="R"/>
      <sheetpath names="/" tstamps="/"/>
      <tstamp>5BBEF0A5</tstamp>
    </comp>
    <comp ref="R18">
      <value>10R</value>
      <footprint>Resistors_SMD:R_0805_HandSoldering</footprint>
      <libsource lib="device" part="R"/>
      <sheetpath names="/" tstamps="/"/>
      <tstamp>5BBEF447</tstamp>
    </comp>
    <comp ref="C41">
      <value>10uF</value>
      <footprint>Capacitors_SMD:CP_Elec_6.3x4.5</footprint>
      <libsource lib="device" part="CP1"/>
      <sheetpath names="/" tstamps="/"/>
      <tstamp>5BBF0AEE</tstamp>
    </comp>
    <comp ref="R48">
      <value>10R</value>
      <footprint>Resistors_SMD:R_0805_HandSoldering</footprint>
      <libsource lib="device" part="R"/>
      <sheetpath names="/" tstamps="/"/>
      <tstamp>5BBF1091</tstamp>
    </comp>
    <comp ref="R46">
      <value>10R</value>
      <footprint>Resistors_SMD:R_0805_HandSoldering</footprint>
      <libsource lib="device" part="R"/>
      <sheetpath names="/" tstamps="/"/>
      <tstamp>5BBF16C1</tstamp>
    </comp>
    <comp ref="D33">
      <value>1N4007</value>
      <footprint>nhantt-kicad-lib:D_SMA_Standard</footprint>
      <libsource lib="device" part="D_ALT"/>
      <sheetpath names="/" tstamps="/"/>
      <tstamp>5BBF3997</tstamp>
    </comp>
    <comp ref="D8">
      <value>1N4007</value>
      <footprint>nhantt-kicad-lib:D_SMA_Standard</footprint>
      <libsource lib="device" part="D_ALT"/>
      <sheetpath names="/" tstamps="/"/>
      <tstamp>5BC0A7F8</tstamp>
    </comp>
    <comp ref="D9">
      <value>1N4007</value>
      <footprint>nhantt-kicad-lib:D_SMA_Standard</footprint>
      <libsource lib="device" part="D_ALT"/>
      <sheetpath names="/" tstamps="/"/>
      <tstamp>5BC0A8B2</tstamp>
    </comp>
    <comp ref="D27">
      <value>1N4007</value>
      <footprint>nhantt-kicad-lib:D_SMA_Standard</footprint>
      <libsource lib="device" part="D_ALT"/>
      <sheetpath names="/" tstamps="/"/>
      <tstamp>5BC0B0A2</tstamp>
    </comp>
    <comp ref="D28">
      <value>1N4007</value>
      <footprint>nhantt-kicad-lib:D_SMA_Standard</footprint>
      <libsource lib="device" part="D_ALT"/>
      <sheetpath names="/" tstamps="/"/>
      <tstamp>5BC0B160</tstamp>
    </comp>
    <comp ref="C17">
      <value>10uF</value>
      <footprint>Capacitors_SMD:CP_Elec_6.3x4.5</footprint>
      <libsource lib="device" part="CP1"/>
      <sheetpath names="/" tstamps="/"/>
      <tstamp>5BC4BCE2</tstamp>
    </comp>
    <comp ref="C42">
      <value>100nF</value>
      <footprint>Capacitors_SMD:C_0805_HandSoldering</footprint>
      <libsource lib="device" part="C"/>
      <sheetpath names="/" tstamps="/"/>
      <tstamp>5BC50566</tstamp>
    </comp>
    <comp ref="C9">
      <value>10uF</value>
      <footprint>Capacitors_SMD:C_1206_HandSoldering</footprint>
      <libsource lib="device" part="CP1"/>
      <sheetpath names="/" tstamps="/"/>
      <tstamp>5BC5459D</tstamp>
    </comp>
    <comp ref="C12">
      <value>100nF</value>
      <footprint>Capacitors_SMD:C_0805_HandSoldering</footprint>
      <libsource lib="device" part="C"/>
      <sheetpath names="/" tstamps="/"/>
      <tstamp>5BC5469B</tstamp>
    </comp>
    <comp ref="C47">
      <value>10uF</value>
      <footprint>Capacitors_SMD:C_1206_HandSoldering</footprint>
      <libsource lib="device" part="CP1"/>
      <sheetpath names="/" tstamps="/"/>
      <tstamp>5BC55312</tstamp>
    </comp>
    <comp ref="C48">
      <value>100nF</value>
      <footprint>Capacitors_SMD:C_0805_HandSoldering</footprint>
      <libsource lib="device" part="C"/>
      <sheetpath names="/" tstamps="/"/>
      <tstamp>5BC556E6</tstamp>
    </comp>
    <comp ref="J4">
      <value>MOTOR1</value>
      <footprint>nhantt-kicad-lib:Terminal2-7.62</footprint>
      <libsource lib="conn" part="Conn_01x02"/>
      <sheetpath names="/" tstamps="/"/>
      <tstamp>5BC56D99</tstamp>
    </comp>
    <comp ref="R9">
      <value>220</value>
      <footprint>Resistors_SMD:R_0805_HandSoldering</footprint>
      <libsource lib="device" part="R"/>
      <sheetpath names="/" tstamps="/"/>
      <tstamp>5BC9CCF4</tstamp>
    </comp>
    <comp ref="R10">
      <value>220</value>
      <footprint>Resistors_SMD:R_0805_HandSoldering</footprint>
      <libsource lib="device" part="R"/>
      <sheetpath names="/" tstamps="/"/>
      <tstamp>5BC9DEDF</tstamp>
    </comp>
    <comp ref="R11">
      <value>220</value>
      <footprint>Resistors_SMD:R_0805_HandSoldering</footprint>
      <libsource lib="device" part="R"/>
      <sheetpath names="/" tstamps="/"/>
      <tstamp>5BC9EAA5</tstamp>
    </comp>
    <comp ref="R12">
      <value>220</value>
      <footprint>Resistors_SMD:R_0805_HandSoldering</footprint>
      <libsource lib="device" part="R"/>
      <sheetpath names="/" tstamps="/"/>
      <tstamp>5BC9F789</tstamp>
    </comp>
    <comp ref="R1">
      <value>220</value>
      <footprint>Resistors_SMD:R_0805_HandSoldering</footprint>
      <libsource lib="device" part="R"/>
      <sheetpath names="/" tstamps="/"/>
      <tstamp>5BCA069D</tstamp>
    </comp>
    <comp ref="R2">
      <value>220</value>
      <footprint>Resistors_SMD:R_0805_HandSoldering</footprint>
      <libsource lib="device" part="R"/>
      <sheetpath names="/" tstamps="/"/>
      <tstamp>5BCA06A4</tstamp>
    </comp>
    <comp ref="R3">
      <value>220</value>
      <footprint>Resistors_SMD:R_0805_HandSoldering</footprint>
      <libsource lib="device" part="R"/>
      <sheetpath names="/" tstamps="/"/>
      <tstamp>5BCA06AB</tstamp>
    </comp>
    <comp ref="R4">
      <value>220</value>
      <footprint>Resistors_SMD:R_0805_HandSoldering</footprint>
      <libsource lib="device" part="R"/>
      <sheetpath names="/" tstamps="/"/>
      <tstamp>5BCA06B2</tstamp>
    </comp>
    <comp ref="R5">
      <value>220</value>
      <footprint>Resistors_SMD:R_0805_HandSoldering</footprint>
      <libsource lib="device" part="R"/>
      <sheetpath names="/" tstamps="/"/>
      <tstamp>5BCA1194</tstamp>
    </comp>
    <comp ref="R6">
      <value>220</value>
      <footprint>Resistors_SMD:R_0805_HandSoldering</footprint>
      <libsource lib="device" part="R"/>
      <sheetpath names="/" tstamps="/"/>
      <tstamp>5BCA119B</tstamp>
    </comp>
    <comp ref="R7">
      <value>220</value>
      <footprint>Resistors_SMD:R_0805_HandSoldering</footprint>
      <libsource lib="device" part="R"/>
      <sheetpath names="/" tstamps="/"/>
      <tstamp>5BCA11A2</tstamp>
    </comp>
    <comp ref="R8">
      <value>220</value>
      <footprint>Resistors_SMD:R_0805_HandSoldering</footprint>
      <libsource lib="device" part="R"/>
      <sheetpath names="/" tstamps="/"/>
      <tstamp>5BCA11A9</tstamp>
    </comp>
    <comp ref="J2">
      <value>Conn_02x07_Odd_Even</value>
      <footprint>w_conn_strip:vasch_strip_7x2</footprint>
      <libsource lib="conn" part="Conn_02x07_Odd_Even"/>
      <sheetpath names="/" tstamps="/"/>
      <tstamp>5BCAE926</tstamp>
    </comp>
    <comp ref="C6">
      <value>100nF</value>
      <footprint>Capacitors_SMD:C_0805_HandSoldering</footprint>
      <libsource lib="device" part="C"/>
      <sheetpath names="/" tstamps="/"/>
      <tstamp>5BCC1688</tstamp>
    </comp>
    <comp ref="C5">
      <value>10uF</value>
      <footprint>Capacitors_SMD:C_1206_HandSoldering</footprint>
      <libsource lib="device" part="C"/>
      <sheetpath names="/" tstamps="/"/>
      <tstamp>5BCC1F32</tstamp>
    </comp>
    <comp ref="U6">
      <value>IR2113</value>
      <footprint>Housings_SOIC:SOIC-16W_7.5x10.3mm_Pitch1.27mm</footprint>
      <libsource lib="nhantt-kicad-lib" part="IR2113"/>
      <sheetpath names="/" tstamps="/"/>
      <tstamp>5BCDE32D</tstamp>
    </comp>
    <comp ref="C18">
      <value>100nF</value>
      <footprint>Capacitors_SMD:C_0805_HandSoldering</footprint>
      <libsource lib="device" part="C"/>
      <sheetpath names="/" tstamps="/"/>
      <tstamp>5BCE8DAF</tstamp>
    </comp>
    <comp ref="D3">
      <value>D_ALT</value>
      <footprint>nhantt-kicad-lib:D_SMA_Standard</footprint>
      <libsource lib="device" part="D_ALT"/>
      <sheetpath names="/" tstamps="/"/>
      <tstamp>5BBF2E92</tstamp>
    </comp>
    <comp ref="C30">
      <value>22uF</value>
      <footprint>Capacitors_SMD:CP_Elec_6.3x4.5</footprint>
      <libsource lib="device" part="CP1"/>
      <sheetpath names="/" tstamps="/"/>
      <tstamp>5BBF067D</tstamp>
    </comp>
    <comp ref="R26">
      <value>1k</value>
      <footprint>Resistors_SMD:R_0805_HandSoldering</footprint>
      <libsource lib="device" part="R"/>
      <sheetpath names="/" tstamps="/"/>
      <tstamp>5BD0A17C</tstamp>
    </comp>
    <comp ref="R27">
      <value>1k</value>
      <footprint>Resistors_SMD:R_0805_HandSoldering</footprint>
      <libsource lib="device" part="R"/>
      <sheetpath names="/" tstamps="/"/>
      <tstamp>5BD0B46E</tstamp>
    </comp>
    <comp ref="R40">
      <value>1k</value>
      <footprint>Resistors_SMD:R_0805_HandSoldering</footprint>
      <libsource lib="device" part="R"/>
      <sheetpath names="/" tstamps="/"/>
      <tstamp>5BD0BA27</tstamp>
    </comp>
    <comp ref="R42">
      <value>1k</value>
      <footprint>Resistors_SMD:R_0805_HandSoldering</footprint>
      <libsource lib="device" part="R"/>
      <sheetpath names="/" tstamps="/"/>
      <tstamp>5BD0C326</tstamp>
    </comp>
    <comp ref="Q3">
      <value>IRF3205</value>
      <footprint>TO_SOT_Packages_SMD:TO-263-2</footprint>
      <libsource lib="device" part="Q_NMOS_GDS"/>
      <sheetpath names="/" tstamps="/"/>
      <tstamp>5BD112BF</tstamp>
    </comp>
    <comp ref="Q9">
      <value>IRF3205</value>
      <footprint>TO_SOT_Packages_SMD:TO-263-2</footprint>
      <libsource lib="device" part="Q_NMOS_GDS"/>
      <sheetpath names="/" tstamps="/"/>
      <tstamp>5BD112C5</tstamp>
    </comp>
    <comp ref="Q4">
      <value>IRF3205</value>
      <footprint>TO_SOT_Packages_SMD:TO-263-2</footprint>
      <libsource lib="device" part="Q_NMOS_GDS"/>
      <sheetpath names="/" tstamps="/"/>
      <tstamp>5BD112CB</tstamp>
    </comp>
    <comp ref="Q10">
      <value>IRF3205</value>
      <footprint>TO_SOT_Packages_SMD:TO-263-2</footprint>
      <libsource lib="device" part="Q_NMOS_GDS"/>
      <sheetpath names="/" tstamps="/"/>
      <tstamp>5BD112D1</tstamp>
    </comp>
    <comp ref="U12">
      <value>IR2113</value>
      <footprint>Housings_SOIC:SOIC-16W_7.5x10.3mm_Pitch1.27mm</footprint>
      <libsource lib="nhantt-kicad-lib" part="IR2113"/>
      <sheetpath names="/" tstamps="/"/>
      <tstamp>5BD112DD</tstamp>
    </comp>
    <comp ref="C20">
      <value>22uF</value>
      <footprint>Capacitors_SMD:CP_Elec_6.3x4.5</footprint>
      <libsource lib="device" part="CP1"/>
      <sheetpath names="/" tstamps="/"/>
      <tstamp>5BD112E3</tstamp>
    </comp>
    <comp ref="R15">
      <value>10R</value>
      <footprint>Resistors_SMD:R_0805_HandSoldering</footprint>
      <libsource lib="device" part="R"/>
      <sheetpath names="/" tstamps="/"/>
      <tstamp>5BD112E9</tstamp>
    </comp>
    <comp ref="R16">
      <value>10R</value>
      <footprint>Resistors_SMD:R_0805_HandSoldering</footprint>
      <libsource lib="device" part="R"/>
      <sheetpath names="/" tstamps="/"/>
      <tstamp>5BD112EF</tstamp>
    </comp>
    <comp ref="C36">
      <value>10uF</value>
      <footprint>Capacitors_SMD:CP_Elec_6.3x4.5</footprint>
      <libsource lib="device" part="CP1"/>
      <sheetpath names="/" tstamps="/"/>
      <tstamp>5BD112F5</tstamp>
    </comp>
    <comp ref="R47">
      <value>10R</value>
      <footprint>Resistors_SMD:R_0805_HandSoldering</footprint>
      <libsource lib="device" part="R"/>
      <sheetpath names="/" tstamps="/"/>
      <tstamp>5BD112FB</tstamp>
    </comp>
    <comp ref="R45">
      <value>10R</value>
      <footprint>Resistors_SMD:R_0805_HandSoldering</footprint>
      <libsource lib="device" part="R"/>
      <sheetpath names="/" tstamps="/"/>
      <tstamp>5BD11301</tstamp>
    </comp>
    <comp ref="D32">
      <value>1N4007</value>
      <footprint>nhantt-kicad-lib:D_SMA_Standard</footprint>
      <libsource lib="device" part="D_ALT"/>
      <sheetpath names="/" tstamps="/"/>
      <tstamp>5BD11307</tstamp>
    </comp>
    <comp ref="D6">
      <value>1N4007</value>
      <footprint>nhantt-kicad-lib:D_SMA_Standard</footprint>
      <libsource lib="device" part="D_ALT"/>
      <sheetpath names="/" tstamps="/"/>
      <tstamp>5BD1135B</tstamp>
    </comp>
    <comp ref="D7">
      <value>1N4007</value>
      <footprint>nhantt-kicad-lib:D_SMA_Standard</footprint>
      <libsource lib="device" part="D_ALT"/>
      <sheetpath names="/" tstamps="/"/>
      <tstamp>5BD11361</tstamp>
    </comp>
    <comp ref="D25">
      <value>1N4007</value>
      <footprint>nhantt-kicad-lib:D_SMA_Standard</footprint>
      <libsource lib="device" part="D_ALT"/>
      <sheetpath names="/" tstamps="/"/>
      <tstamp>5BD11367</tstamp>
    </comp>
    <comp ref="D26">
      <value>1N4007</value>
      <footprint>nhantt-kicad-lib:D_SMA_Standard</footprint>
      <libsource lib="device" part="D_ALT"/>
      <sheetpath names="/" tstamps="/"/>
      <tstamp>5BD1136D</tstamp>
    </comp>
    <comp ref="C15">
      <value>10uF</value>
      <footprint>Capacitors_SMD:CP_Elec_6.3x4.5</footprint>
      <libsource lib="device" part="CP1"/>
      <sheetpath names="/" tstamps="/"/>
      <tstamp>5BD11373</tstamp>
    </comp>
    <comp ref="C39">
      <value>100nF</value>
      <footprint>Capacitors_SMD:C_0805_HandSoldering</footprint>
      <libsource lib="device" part="C"/>
      <sheetpath names="/" tstamps="/"/>
      <tstamp>5BD11379</tstamp>
    </comp>
    <comp ref="C8">
      <value>10uF</value>
      <footprint>Capacitors_SMD:C_1206_HandSoldering</footprint>
      <libsource lib="device" part="CP1"/>
      <sheetpath names="/" tstamps="/"/>
      <tstamp>5BD11385</tstamp>
    </comp>
    <comp ref="C11">
      <value>100nF</value>
      <footprint>Capacitors_SMD:C_0805_HandSoldering</footprint>
      <libsource lib="device" part="C"/>
      <sheetpath names="/" tstamps="/"/>
      <tstamp>5BD1138B</tstamp>
    </comp>
    <comp ref="C45">
      <value>10uF</value>
      <footprint>Capacitors_SMD:C_1206_HandSoldering</footprint>
      <libsource lib="device" part="CP1"/>
      <sheetpath names="/" tstamps="/"/>
      <tstamp>5BD11397</tstamp>
    </comp>
    <comp ref="C46">
      <value>100nF</value>
      <footprint>Capacitors_SMD:C_0805_HandSoldering</footprint>
      <libsource lib="device" part="C"/>
      <sheetpath names="/" tstamps="/"/>
      <tstamp>5BD1139D</tstamp>
    </comp>
    <comp ref="J5">
      <value>MOTOR2</value>
      <footprint>nhantt-kicad-lib:Terminal2-7.62</footprint>
      <libsource lib="conn" part="Conn_01x02"/>
      <sheetpath names="/" tstamps="/"/>
      <tstamp>5BD113A9</tstamp>
    </comp>
    <comp ref="U5">
      <value>IR2113</value>
      <footprint>Housings_SOIC:SOIC-16W_7.5x10.3mm_Pitch1.27mm</footprint>
      <libsource lib="nhantt-kicad-lib" part="IR2113"/>
      <sheetpath names="/" tstamps="/"/>
      <tstamp>5BD113C5</tstamp>
    </comp>
    <comp ref="C16">
      <value>100nF</value>
      <footprint>Capacitors_SMD:C_0805_HandSoldering</footprint>
      <libsource lib="device" part="C"/>
      <sheetpath names="/" tstamps="/"/>
      <tstamp>5BD113D7</tstamp>
    </comp>
    <comp ref="D2">
      <value>D_ALT</value>
      <footprint>nhantt-kicad-lib:D_SMA_Standard</footprint>
      <libsource lib="device" part="D_ALT"/>
      <sheetpath names="/" tstamps="/"/>
      <tstamp>5BD113E3</tstamp>
    </comp>
    <comp ref="C29">
      <value>22uF</value>
      <footprint>Capacitors_SMD:CP_Elec_6.3x4.5</footprint>
      <libsource lib="device" part="CP1"/>
      <sheetpath names="/" tstamps="/"/>
      <tstamp>5BD113EA</tstamp>
    </comp>
    <comp ref="R24">
      <value>1k</value>
      <footprint>Resistors_SMD:R_0805_HandSoldering</footprint>
      <libsource lib="device" part="R"/>
      <sheetpath names="/" tstamps="/"/>
      <tstamp>5BD113F0</tstamp>
    </comp>
    <comp ref="R25">
      <value>1k</value>
      <footprint>Resistors_SMD:R_0805_HandSoldering</footprint>
      <libsource lib="device" part="R"/>
      <sheetpath names="/" tstamps="/"/>
      <tstamp>5BD113F6</tstamp>
    </comp>
    <comp ref="R39">
      <value>1k</value>
      <footprint>Resistors_SMD:R_0805_HandSoldering</footprint>
      <libsource lib="device" part="R"/>
      <sheetpath names="/" tstamps="/"/>
      <tstamp>5BD113FC</tstamp>
    </comp>
    <comp ref="R41">
      <value>1k</value>
      <footprint>Resistors_SMD:R_0805_HandSoldering</footprint>
      <libsource lib="device" part="R"/>
      <sheetpath names="/" tstamps="/"/>
      <tstamp>5BD11402</tstamp>
    </comp>
    <comp ref="Q1">
      <value>IRF3205</value>
      <footprint>TO_SOT_Packages_SMD:TO-263-2</footprint>
      <libsource lib="device" part="Q_NMOS_GDS"/>
      <sheetpath names="/" tstamps="/"/>
      <tstamp>5BD11F6D</tstamp>
    </comp>
    <comp ref="Q7">
      <value>IRF3205</value>
      <footprint>TO_SOT_Packages_SMD:TO-263-2</footprint>
      <libsource lib="device" part="Q_NMOS_GDS"/>
      <sheetpath names="/" tstamps="/"/>
      <tstamp>5BD11F73</tstamp>
    </comp>
    <comp ref="Q2">
      <value>IRF3205</value>
      <footprint>TO_SOT_Packages_SMD:TO-263-2</footprint>
      <libsource lib="device" part="Q_NMOS_GDS"/>
      <sheetpath names="/" tstamps="/"/>
      <tstamp>5BD11F79</tstamp>
    </comp>
    <comp ref="Q8">
      <value>IRF3205</value>
      <footprint>TO_SOT_Packages_SMD:TO-263-2</footprint>
      <libsource lib="device" part="Q_NMOS_GDS"/>
      <sheetpath names="/" tstamps="/"/>
      <tstamp>5BD11F7F</tstamp>
    </comp>
    <comp ref="U11">
      <value>IR2113</value>
      <footprint>Housings_SOIC:SOIC-16W_7.5x10.3mm_Pitch1.27mm</footprint>
      <libsource lib="nhantt-kicad-lib" part="IR2113"/>
      <sheetpath names="/" tstamps="/"/>
      <tstamp>5BD11F8B</tstamp>
    </comp>
    <comp ref="C19">
      <value>22uF</value>
      <footprint>Capacitors_SMD:CP_Elec_6.3x4.5</footprint>
      <libsource lib="device" part="CP1"/>
      <sheetpath names="/" tstamps="/"/>
      <tstamp>5BD11F91</tstamp>
    </comp>
    <comp ref="R13">
      <value>10R</value>
      <footprint>Resistors_SMD:R_0805_HandSoldering</footprint>
      <libsource lib="device" part="R"/>
      <sheetpath names="/" tstamps="/"/>
      <tstamp>5BD11F97</tstamp>
    </comp>
    <comp ref="R14">
      <value>10R</value>
      <footprint>Resistors_SMD:R_0805_HandSoldering</footprint>
      <libsource lib="device" part="R"/>
      <sheetpath names="/" tstamps="/"/>
      <tstamp>5BD11F9D</tstamp>
    </comp>
    <comp ref="C33">
      <value>10uF</value>
      <footprint>Capacitors_SMD:CP_Elec_6.3x4.5</footprint>
      <libsource lib="device" part="CP1"/>
      <sheetpath names="/" tstamps="/"/>
      <tstamp>5BD11FA3</tstamp>
    </comp>
    <comp ref="R44">
      <value>10R</value>
      <footprint>Resistors_SMD:R_0805_HandSoldering</footprint>
      <libsource lib="device" part="R"/>
      <sheetpath names="/" tstamps="/"/>
      <tstamp>5BD11FA9</tstamp>
    </comp>
    <comp ref="R43">
      <value>10R</value>
      <footprint>Resistors_SMD:R_0805_HandSoldering</footprint>
      <libsource lib="device" part="R"/>
      <sheetpath names="/" tstamps="/"/>
      <tstamp>5BD11FAF</tstamp>
    </comp>
    <comp ref="D31">
      <value>1N4007</value>
      <footprint>nhantt-kicad-lib:D_SMA_Standard</footprint>
      <libsource lib="device" part="D_ALT"/>
      <sheetpath names="/" tstamps="/"/>
      <tstamp>5BD11FB5</tstamp>
    </comp>
    <comp ref="D4">
      <value>1N4007</value>
      <footprint>nhantt-kicad-lib:D_SMA_Standard</footprint>
      <libsource lib="device" part="D_ALT"/>
      <sheetpath names="/" tstamps="/"/>
      <tstamp>5BD12009</tstamp>
    </comp>
    <comp ref="D5">
      <value>1N4007</value>
      <footprint>nhantt-kicad-lib:D_SMA_Standard</footprint>
      <libsource lib="device" part="D_ALT"/>
      <sheetpath names="/" tstamps="/"/>
      <tstamp>5BD1200F</tstamp>
    </comp>
    <comp ref="D22">
      <value>1N4007</value>
      <footprint>nhantt-kicad-lib:D_SMA_Standard</footprint>
      <libsource lib="device" part="D_ALT"/>
      <sheetpath names="/" tstamps="/"/>
      <tstamp>5BD12015</tstamp>
    </comp>
    <comp ref="D23">
      <value>1N4007</value>
      <footprint>nhantt-kicad-lib:D_SMA_Standard</footprint>
      <libsource lib="device" part="D_ALT"/>
      <sheetpath names="/" tstamps="/"/>
      <tstamp>5BD1201B</tstamp>
    </comp>
    <comp ref="C13">
      <value>10uF</value>
      <footprint>Capacitors_SMD:CP_Elec_6.3x4.5</footprint>
      <libsource lib="device" part="CP1"/>
      <sheetpath names="/" tstamps="/"/>
      <tstamp>5BD12021</tstamp>
    </comp>
    <comp ref="C34">
      <value>100nF</value>
      <footprint>Capacitors_SMD:C_0805_HandSoldering</footprint>
      <libsource lib="device" part="C"/>
      <sheetpath names="/" tstamps="/"/>
      <tstamp>5BD12027</tstamp>
    </comp>
    <comp ref="C7">
      <value>10uF</value>
      <footprint>Capacitors_SMD:C_1206_HandSoldering</footprint>
      <libsource lib="device" part="CP1"/>
      <sheetpath names="/" tstamps="/"/>
      <tstamp>5BD12033</tstamp>
    </comp>
    <comp ref="C10">
      <value>100nF</value>
      <footprint>Capacitors_SMD:C_0805_HandSoldering</footprint>
      <libsource lib="device" part="C"/>
      <sheetpath names="/" tstamps="/"/>
      <tstamp>5BD12039</tstamp>
    </comp>
    <comp ref="C43">
      <value>10uF</value>
      <footprint>Capacitors_SMD:C_1206_HandSoldering</footprint>
      <libsource lib="device" part="CP1"/>
      <sheetpath names="/" tstamps="/"/>
      <tstamp>5BD12045</tstamp>
    </comp>
    <comp ref="C44">
      <value>100nF</value>
      <footprint>Capacitors_SMD:C_0805_HandSoldering</footprint>
      <libsource lib="device" part="C"/>
      <sheetpath names="/" tstamps="/"/>
      <tstamp>5BD1204B</tstamp>
    </comp>
    <comp ref="J3">
      <value>MOTOR3</value>
      <footprint>nhantt-kicad-lib:Terminal2-7.62</footprint>
      <libsource lib="conn" part="Conn_01x02"/>
      <sheetpath names="/" tstamps="/"/>
      <tstamp>5BD12057</tstamp>
    </comp>
    <comp ref="U4">
      <value>IR2113</value>
      <footprint>Housings_SOIC:SOIC-16W_7.5x10.3mm_Pitch1.27mm</footprint>
      <libsource lib="nhantt-kicad-lib" part="IR2113"/>
      <sheetpath names="/" tstamps="/"/>
      <tstamp>5BD12073</tstamp>
    </comp>
    <comp ref="C14">
      <value>100nF</value>
      <footprint>Capacitors_SMD:C_0805_HandSoldering</footprint>
      <libsource lib="device" part="C"/>
      <sheetpath names="/" tstamps="/"/>
      <tstamp>5BD12085</tstamp>
    </comp>
    <comp ref="D1">
      <value>D_ALT</value>
      <footprint>nhantt-kicad-lib:D_SMA_Standard</footprint>
      <libsource lib="device" part="D_ALT"/>
      <sheetpath names="/" tstamps="/"/>
      <tstamp>5BD12091</tstamp>
    </comp>
    <comp ref="C28">
      <value>22uF</value>
      <footprint>Capacitors_SMD:CP_Elec_6.3x4.5</footprint>
      <libsource lib="device" part="CP1"/>
      <sheetpath names="/" tstamps="/"/>
      <tstamp>5BD12098</tstamp>
    </comp>
    <comp ref="R22">
      <value>1k</value>
      <footprint>Resistors_SMD:R_0805_HandSoldering</footprint>
      <libsource lib="device" part="R"/>
      <sheetpath names="/" tstamps="/"/>
      <tstamp>5BD1209E</tstamp>
    </comp>
    <comp ref="R23">
      <value>1k</value>
      <footprint>Resistors_SMD:R_0805_HandSoldering</footprint>
      <libsource lib="device" part="R"/>
      <sheetpath names="/" tstamps="/"/>
      <tstamp>5BD120A4</tstamp>
    </comp>
    <comp ref="R37">
      <value>1k</value>
      <footprint>Resistors_SMD:R_0805_HandSoldering</footprint>
      <libsource lib="device" part="R"/>
      <sheetpath names="/" tstamps="/"/>
      <tstamp>5BD120AA</tstamp>
    </comp>
    <comp ref="R38">
      <value>1k</value>
      <footprint>Resistors_SMD:R_0805_HandSoldering</footprint>
      <libsource lib="device" part="R"/>
      <sheetpath names="/" tstamps="/"/>
      <tstamp>5BD120B0</tstamp>
    </comp>
    <comp ref="C2">
      <value>10uF</value>
      <footprint>Capacitors_SMD:C_1206_HandSoldering</footprint>
      <libsource lib="device" part="C"/>
      <sheetpath names="/" tstamps="/"/>
      <tstamp>5BD199D2</tstamp>
    </comp>
    <comp ref="C1">
      <value>10uF</value>
      <footprint>Capacitors_SMD:C_1206_HandSoldering</footprint>
      <libsource lib="device" part="C"/>
      <sheetpath names="/" tstamps="/"/>
      <tstamp>5BD1A5AF</tstamp>
    </comp>
    <comp ref="D14">
      <value>1N4007</value>
      <footprint>nhantt-kicad-lib:D_SMA_Standard</footprint>
      <libsource lib="device" part="D_ALT"/>
      <sheetpath names="/" tstamps="/"/>
      <tstamp>5BD22D5E</tstamp>
    </comp>
    <comp ref="D20">
      <value>1N4007</value>
      <footprint>nhantt-kicad-lib:D_SMA_Standard</footprint>
      <libsource lib="device" part="D_ALT"/>
      <sheetpath names="/" tstamps="/"/>
      <tstamp>5BD2349A</tstamp>
    </comp>
    <comp ref="D21">
      <value>1N4007</value>
      <footprint>nhantt-kicad-lib:D_SMA_Standard</footprint>
      <libsource lib="device" part="D_ALT"/>
      <sheetpath names="/" tstamps="/"/>
      <tstamp>5BD24DD5</tstamp>
    </comp>
    <comp ref="D15">
      <value>1N4007</value>
      <footprint>nhantt-kicad-lib:D_SMA_Standard</footprint>
      <libsource lib="device" part="D_ALT"/>
      <sheetpath names="/" tstamps="/"/>
      <tstamp>5BD25961</tstamp>
    </comp>
    <comp ref="F2">
      <value>Fuse</value>
      <footprint>Fuse_Holders_and_Fuses:Fuse_TE5_Littlefuse-395Series</footprint>
      <libsource lib="device" part="Fuse"/>
      <sheetpath names="/" tstamps="/"/>
      <tstamp>5BD36088</tstamp>
    </comp>
    <comp ref="F3">
      <value>Fuse</value>
      <footprint>Fuse_Holders_and_Fuses:Fuse_TE5_Littlefuse-395Series</footprint>
      <libsource lib="device" part="Fuse"/>
      <sheetpath names="/" tstamps="/"/>
      <tstamp>5BD3C68A</tstamp>
    </comp>
    <comp ref="D12">
      <value>1N4007</value>
      <footprint>nhantt-kicad-lib:D_SMA_Standard</footprint>
      <libsource lib="device" part="D_ALT"/>
      <sheetpath names="/" tstamps="/"/>
      <tstamp>5BD3FDEB</tstamp>
    </comp>
    <comp ref="D18">
      <value>1N4007</value>
      <footprint>nhantt-kicad-lib:D_SMA_Standard</footprint>
      <libsource lib="device" part="D_ALT"/>
      <sheetpath names="/" tstamps="/"/>
      <tstamp>5BD40826</tstamp>
    </comp>
    <comp ref="D13">
      <value>1N4007</value>
      <footprint>nhantt-kicad-lib:D_SMA_Standard</footprint>
      <libsource lib="device" part="D_ALT"/>
      <sheetpath names="/" tstamps="/"/>
      <tstamp>5BD42C04</tstamp>
    </comp>
    <comp ref="D19">
      <value>1N4007</value>
      <footprint>nhantt-kicad-lib:D_SMA_Standard</footprint>
      <libsource lib="device" part="D_ALT"/>
      <sheetpath names="/" tstamps="/"/>
      <tstamp>5BD42E31</tstamp>
    </comp>
    <comp ref="D10">
      <value>1N4007</value>
      <footprint>nhantt-kicad-lib:D_SMA_Standard</footprint>
      <libsource lib="device" part="D_ALT"/>
      <sheetpath names="/" tstamps="/"/>
      <tstamp>5BD4CBF9</tstamp>
    </comp>
    <comp ref="D16">
      <value>1N4007</value>
      <footprint>nhantt-kicad-lib:D_SMA_Standard</footprint>
      <libsource lib="device" part="D_ALT"/>
      <sheetpath names="/" tstamps="/"/>
      <tstamp>5BD4D44F</tstamp>
    </comp>
    <comp ref="D11">
      <value>1N4007</value>
      <footprint>nhantt-kicad-lib:D_SMA_Standard</footprint>
      <libsource lib="device" part="D_ALT"/>
      <sheetpath names="/" tstamps="/"/>
      <tstamp>5BD4D669</tstamp>
    </comp>
    <comp ref="D17">
      <value>1N4007</value>
      <footprint>nhantt-kicad-lib:D_SMA_Standard</footprint>
      <libsource lib="device" part="D_ALT"/>
      <sheetpath names="/" tstamps="/"/>
      <tstamp>5BD4DB3C</tstamp>
    </comp>
    <comp ref="F1">
      <value>Fuse</value>
      <footprint>Fuse_Holders_and_Fuses:Fuse_TE5_Littlefuse-395Series</footprint>
      <libsource lib="device" part="Fuse"/>
      <sheetpath names="/" tstamps="/"/>
      <tstamp>5BD52742</tstamp>
    </comp>
    <comp ref="C4">
      <value>100nF</value>
      <footprint>Capacitors_SMD:C_0805_HandSoldering</footprint>
      <libsource lib="device" part="C"/>
      <sheetpath names="/" tstamps="/"/>
      <tstamp>5BD68E67</tstamp>
    </comp>
    <comp ref="C3">
      <value>100nF</value>
      <footprint>Capacitors_SMD:C_0805_HandSoldering</footprint>
      <libsource lib="device" part="C"/>
      <sheetpath names="/" tstamps="/"/>
      <tstamp>5BD694F7</tstamp>
    </comp>
    <comp ref="C50">
      <value>CP</value>
      <footprint>nhantt-kicad-lib:CP_Elec_8x10.5</footprint>
      <libsource lib="device" part="CP"/>
      <sheetpath names="/" tstamps="/"/>
      <tstamp>5BDC163F</tstamp>
    </comp>
    <comp ref="C49">
      <value>100nF</value>
      <footprint>Capacitors_SMD:C_0805_HandSoldering</footprint>
      <libsource lib="device" part="C"/>
      <sheetpath names="/" tstamps="/"/>
      <tstamp>5BDC2153</tstamp>
    </comp>
    <comp ref="D34">
      <value>D_ALT</value>
      <footprint>nhantt-kicad-lib:D_SMB_Handsoldering</footprint>
      <libsource lib="device" part="D_ALT"/>
      <sheetpath names="/" tstamps="/"/>
      <tstamp>5BDDB1C6</tstamp>
    </comp>
    <comp ref="R49">
      <value>10k</value>
      <footprint>Resistors_SMD:R_0805_HandSoldering</footprint>
      <libsource lib="device" part="R"/>
      <sheetpath names="/" tstamps="/"/>
      <tstamp>5BCDCAD6</tstamp>
    </comp>
    <comp ref="R52">
      <value>10k</value>
      <footprint>Resistors_SMD:R_0805_HandSoldering</footprint>
      <libsource lib="device" part="R"/>
      <sheetpath names="/" tstamps="/"/>
      <tstamp>5BCE1A75</tstamp>
    </comp>
    <comp ref="R51">
      <value>10k</value>
      <footprint>Resistors_SMD:R_0805_HandSoldering</footprint>
      <libsource lib="device" part="R"/>
      <sheetpath names="/" tstamps="/"/>
      <tstamp>5BCE544F</tstamp>
    </comp>
    <comp ref="R55">
      <value>10k</value>
      <footprint>Resistors_SMD:R_0805_HandSoldering</footprint>
      <libsource lib="device" part="R"/>
      <sheetpath names="/" tstamps="/"/>
      <tstamp>5BCFA3FB</tstamp>
    </comp>
    <comp ref="R53">
      <value>10k</value>
      <footprint>Resistors_SMD:R_0805_HandSoldering</footprint>
      <libsource lib="device" part="R"/>
      <sheetpath names="/" tstamps="/"/>
      <tstamp>5BCFB69B</tstamp>
    </comp>
    <comp ref="R67">
      <value>1k</value>
      <footprint>Resistors_SMD:R_0805_HandSoldering</footprint>
      <libsource lib="device" part="R"/>
      <sheetpath names="/" tstamps="/"/>
      <tstamp>5BD1FD02</tstamp>
    </comp>
    <comp ref="D35">
      <value>LED_ALT</value>
      <footprint>LEDs:LED_0805_HandSoldering</footprint>
      <libsource lib="device" part="LED_ALT"/>
      <sheetpath names="/" tstamps="/"/>
      <tstamp>5BD1FEB8</tstamp>
    </comp>
    <comp ref="R50">
      <value>10k</value>
      <footprint>Resistors_SMD:R_0805_HandSoldering</footprint>
      <libsource lib="device" part="R"/>
      <sheetpath names="/" tstamps="/"/>
      <tstamp>5BCDE5D0</tstamp>
    </comp>
    <comp ref="R19">
      <value>10k</value>
      <footprint>Resistors_SMD:R_0805_HandSoldering</footprint>
      <libsource lib="device" part="R"/>
      <sheetpath names="/" tstamps="/"/>
      <tstamp>5C24AB05</tstamp>
    </comp>
    <comp ref="R28">
      <value>10k</value>
      <footprint>Resistors_SMD:R_0805_HandSoldering</footprint>
      <libsource lib="device" part="R"/>
      <sheetpath names="/" tstamps="/"/>
      <tstamp>5C2514E7</tstamp>
    </comp>
    <comp ref="U1">
      <value>4001</value>
      <footprint>Housings_SOIC:SOIC-14_3.9x8.7mm_Pitch1.27mm</footprint>
      <libsource lib="cmos4000" part="4001"/>
      <sheetpath names="/" tstamps="/"/>
      <tstamp>5C2577B5</tstamp>
    </comp>
    <comp ref="R30">
      <value>10k</value>
      <footprint>Resistors_SMD:R_0805_HandSoldering</footprint>
      <libsource lib="device" part="R"/>
      <sheetpath names="/" tstamps="/"/>
      <tstamp>5C26312F</tstamp>
    </comp>
    <comp ref="R20">
      <value>10k</value>
      <footprint>Resistors_SMD:R_0805_HandSoldering</footprint>
      <libsource lib="device" part="R"/>
      <sheetpath names="/" tstamps="/"/>
      <tstamp>5C264D87</tstamp>
    </comp>
    <comp ref="U2">
      <value>4001</value>
      <footprint>Housings_SOIC:SOIC-14_3.9x8.7mm_Pitch1.27mm</footprint>
      <libsource lib="cmos4000" part="4001"/>
      <sheetpath names="/" tstamps="/"/>
      <tstamp>5C266DB2</tstamp>
    </comp>
    <comp ref="R21">
      <value>10k</value>
      <footprint>Resistors_SMD:R_0805_HandSoldering</footprint>
      <libsource lib="device" part="R"/>
      <sheetpath names="/" tstamps="/"/>
      <tstamp>5C27026F</tstamp>
    </comp>
    <comp ref="R29">
      <value>10k</value>
      <footprint>Resistors_SMD:R_0805_HandSoldering</footprint>
      <libsource lib="device" part="R"/>
      <sheetpath names="/" tstamps="/"/>
      <tstamp>5C271740</tstamp>
    </comp>
    <comp ref="U3">
      <value>4001</value>
      <footprint>Housings_SOIC:SOIC-14_3.9x8.7mm_Pitch1.27mm</footprint>
      <libsource lib="cmos4000" part="4001"/>
      <sheetpath names="/" tstamps="/"/>
      <tstamp>5C27732E</tstamp>
    </comp>
    <comp ref="U10">
      <value>ACS712ELCTR-20A-T</value>
      <footprint>Housings_SOIC:SOIC-8_3.9x4.9mm_Pitch1.27mm</footprint>
      <libsource lib="allegro" part="ACS712ELCTR-20A-T"/>
      <sheetpath names="/" tstamps="/"/>
      <tstamp>5C280CA0</tstamp>
    </comp>
    <comp ref="C52">
      <value>100nF</value>
      <footprint>Capacitors_SMD:C_0805_HandSoldering</footprint>
      <libsource lib="device" part="C"/>
      <sheetpath names="/" tstamps="/"/>
      <tstamp>5C28B8BD</tstamp>
    </comp>
    <comp ref="U7">
      <value>ACS712ELCTR-20A-T</value>
      <footprint>Housings_SOIC:SOIC-8_3.9x4.9mm_Pitch1.27mm</footprint>
      <libsource lib="allegro" part="ACS712ELCTR-20A-T"/>
      <sheetpath names="/" tstamps="/"/>
      <tstamp>5C28F987</tstamp>
    </comp>
    <comp ref="C51">
      <value>100nF</value>
      <footprint>Capacitors_SMD:C_0805_HandSoldering</footprint>
      <libsource lib="device" part="C"/>
      <sheetpath names="/" tstamps="/"/>
      <tstamp>5C29212D</tstamp>
    </comp>
    <comp ref="U8">
      <value>ACS712ELCTR-20A-T</value>
      <footprint>Housings_SOIC:SOIC-8_3.9x4.9mm_Pitch1.27mm</footprint>
      <libsource lib="allegro" part="ACS712ELCTR-20A-T"/>
      <sheetpath names="/" tstamps="/"/>
      <tstamp>5C295085</tstamp>
    </comp>
    <comp ref="C37">
      <value>100nF</value>
      <footprint>Capacitors_SMD:C_0805_HandSoldering</footprint>
      <libsource lib="device" part="C"/>
      <sheetpath names="/" tstamps="/"/>
      <tstamp>5C2972EB</tstamp>
    </comp>
    <comp ref="C27">
      <value>1nF</value>
      <footprint>Capacitors_SMD:C_0805_HandSoldering</footprint>
      <libsource lib="device" part="C"/>
      <sheetpath names="/" tstamps="/"/>
      <tstamp>5C299F4F</tstamp>
    </comp>
    <comp ref="C25">
      <value>1nF</value>
      <footprint>Capacitors_SMD:C_0805_HandSoldering</footprint>
      <libsource lib="device" part="C"/>
      <sheetpath names="/" tstamps="/"/>
      <tstamp>5C29AD94</tstamp>
    </comp>
    <comp ref="C26">
      <value>1nF</value>
      <footprint>Capacitors_SMD:C_0805_HandSoldering</footprint>
      <libsource lib="device" part="C"/>
      <sheetpath names="/" tstamps="/"/>
      <tstamp>5C29BF23</tstamp>
    </comp>
    <comp ref="R36">
      <value>2k</value>
      <footprint>Resistors_SMD:R_0805_HandSoldering</footprint>
      <libsource lib="device" part="R"/>
      <sheetpath names="/" tstamps="/"/>
      <tstamp>5C29E4F1</tstamp>
    </comp>
    <comp ref="R33">
      <value>10k</value>
      <footprint>Resistors_SMD:R_0805_HandSoldering</footprint>
      <libsource lib="device" part="R"/>
      <sheetpath names="/" tstamps="/"/>
      <tstamp>5C29F676</tstamp>
    </comp>
    <comp ref="D41">
      <value>D_Zener_ALT</value>
      <footprint>nhantt-kicad-lib:SOD-80</footprint>
      <libsource lib="device" part="D_Zener_ALT"/>
      <sheetpath names="/" tstamps="/"/>
      <tstamp>5C2A0EE6</tstamp>
    </comp>
    <comp ref="R57">
      <value>10mR</value>
      <footprint>nhantt-kicad-lib:JUMP</footprint>
      <libsource lib="device" part="R"/>
      <sheetpath names="/" tstamps="/"/>
      <tstamp>5C2A34A5</tstamp>
    </comp>
    <comp ref="R54">
      <value>10mR</value>
      <footprint>nhantt-kicad-lib:JUMP</footprint>
      <libsource lib="device" part="R"/>
      <sheetpath names="/" tstamps="/"/>
      <tstamp>5C2A47B4</tstamp>
    </comp>
    <comp ref="R56">
      <value>10mR</value>
      <footprint>nhantt-kicad-lib:JUMP</footprint>
      <libsource lib="device" part="R"/>
      <sheetpath names="/" tstamps="/"/>
      <tstamp>5C2A5C95</tstamp>
    </comp>
    <comp ref="C23">
      <value>1nF</value>
      <footprint>Capacitors_SMD:C_0805_HandSoldering</footprint>
      <libsource lib="device" part="C"/>
      <sheetpath names="/" tstamps="/"/>
      <tstamp>5C2A8670</tstamp>
    </comp>
    <comp ref="D38">
      <value>D_ALT</value>
      <footprint>Diodes_SMD:D_SOD-123F</footprint>
      <libsource lib="device" part="D_ALT"/>
      <sheetpath names="/" tstamps="/"/>
      <tstamp>5C2B1744</tstamp>
    </comp>
    <comp ref="R35">
      <value>2k</value>
      <footprint>Resistors_SMD:R_0805_HandSoldering</footprint>
      <libsource lib="device" part="R"/>
      <sheetpath names="/" tstamps="/"/>
      <tstamp>5C2B3A92</tstamp>
    </comp>
    <comp ref="R32">
      <value>10k</value>
      <footprint>Resistors_SMD:R_0805_HandSoldering</footprint>
      <libsource lib="device" part="R"/>
      <sheetpath names="/" tstamps="/"/>
      <tstamp>5C2B3D6B</tstamp>
    </comp>
    <comp ref="D39">
      <value>D_Zener_ALT</value>
      <footprint>nhantt-kicad-lib:SOD-80</footprint>
      <libsource lib="device" part="D_Zener_ALT"/>
      <sheetpath names="/" tstamps="/"/>
      <tstamp>5C2B3FF9</tstamp>
    </comp>
    <comp ref="D37">
      <value>D_ALT</value>
      <footprint>Diodes_SMD:D_SOD-123F</footprint>
      <libsource lib="device" part="D_ALT"/>
      <sheetpath names="/" tstamps="/"/>
      <tstamp>5C2B43A6</tstamp>
    </comp>
    <comp ref="C24">
      <value>1nF</value>
      <footprint>Capacitors_SMD:C_0805_HandSoldering</footprint>
      <libsource lib="device" part="C"/>
      <sheetpath names="/" tstamps="/"/>
      <tstamp>5C2B4A4A</tstamp>
    </comp>
    <comp ref="R34">
      <value>2k</value>
      <footprint>Resistors_SMD:R_0805_HandSoldering</footprint>
      <libsource lib="device" part="R"/>
      <sheetpath names="/" tstamps="/"/>
      <tstamp>5C2BC1EC</tstamp>
    </comp>
    <comp ref="R31">
      <value>10k</value>
      <footprint>Resistors_SMD:R_0805_HandSoldering</footprint>
      <libsource lib="device" part="R"/>
      <sheetpath names="/" tstamps="/"/>
      <tstamp>5C2BC4C6</tstamp>
    </comp>
    <comp ref="D40">
      <value>D_Zener_ALT</value>
      <footprint>nhantt-kicad-lib:SOD-80</footprint>
      <libsource lib="device" part="D_Zener_ALT"/>
      <sheetpath names="/" tstamps="/"/>
      <tstamp>5C2BC761</tstamp>
    </comp>
    <comp ref="D36">
      <value>D_ALT</value>
      <footprint>Diodes_SMD:D_SOD-123F</footprint>
      <libsource lib="device" part="D_ALT"/>
      <sheetpath names="/" tstamps="/"/>
      <tstamp>5C2BCA2B</tstamp>
    </comp>
    <comp ref="C22">
      <value>1nF</value>
      <footprint>Capacitors_SMD:C_0805_HandSoldering</footprint>
      <libsource lib="device" part="C"/>
      <sheetpath names="/" tstamps="/"/>
      <tstamp>5C2BCCE4</tstamp>
    </comp>
  </components>
  <libparts>
    <libpart lib="cmos4000" part="4001">
      <description>Quad Nor 2 inputs</description>
      <fields>
        <field name="Reference">U</field>
        <field name="Value">4001</field>
      </fields>
      <pins>
        <pin num="1" name="~" type="input"/>
        <pin num="2" name="~" type="input"/>
        <pin num="3" name="~" type="output"/>
        <pin num="4" name="~" type="output"/>
        <pin num="5" name="~" type="input"/>
        <pin num="6" name="~" type="input"/>
        <pin num="7" name="VSS" type="power_in"/>
        <pin num="8" name="~" type="input"/>
        <pin num="9" name="~" type="input"/>
        <pin num="10" name="~" type="output"/>
        <pin num="11" name="~" type="output"/>
        <pin num="12" name="~" type="input"/>
        <pin num="13" name="~" type="input"/>
        <pin num="14" name="VDD" type="power_in"/>
      </pins>
    </libpart>
    <libpart lib="allegro" part="ACS712ELCTR-05B-T">
      <aliases>
        <alias>ACS712ELCTR-20A-T</alias>
        <alias>ACS712ELCTR-30A-T</alias>
        <alias>ACS713ELCTR-20A-T</alias>
        <alias>ACS713ELCTR-30A-T</alias>
      </aliases>
      <description>±5A Bidirectional hall-effect current sensor, +5.0V supply, 185mV/A, SO-8</description>
      <docs>http://www.allegromicro.com/~/media/Files/Datasheets/ACS712-Datasheet.ashx?la=en</docs>
      <footprints>
        <fp>SOIC*3.9x4.9m*Pitch1.27mm*</fp>
      </footprints>
      <fields>
        <field name="Reference">U</field>
        <field name="Value">ACS712ELCTR-05B-T</field>
        <field name="Footprint">Housings_SOIC:SOIC-8_3.9x4.9mm_Pitch1.27mm</field>
      </fields>
      <pins>
        <pin num="1" name="IP+" type="passive"/>
        <pin num="2" name="IP+" type="passive"/>
        <pin num="3" name="IP-" type="passive"/>
        <pin num="4" name="IP-" type="passive"/>
        <pin num="5" name="GND" type="power_in"/>
        <pin num="6" name="Filter" type="passive"/>
        <pin num="7" name="VIout" type="output"/>
        <pin num="8" name="VCC" type="power_in"/>
      </pins>
    </libpart>
    <libpart lib="device" part="C">
      <description>Unpolarized capacitor</description>
      <footprints>
        <fp>C_*</fp>
      </footprints>
      <fields>
        <field name="Reference">C</field>
        <field name="Value">C</field>
      </fields>
      <pins>
        <pin num="1" name="~" type="passive"/>
        <pin num="2" name="~" type="passive"/>
      </pins>
    </libpart>
    <libpart lib="device" part="CP">
      <description>Polarised capacitor</description>
      <footprints>
        <fp>CP_*</fp>
      </footprints>
      <fields>
        <field name="Reference">C</field>
        <field name="Value">CP</field>
      </fields>
      <pins>
        <pin num="1" name="~" type="passive"/>
        <pin num="2" name="~" type="passive"/>
      </pins>
    </libpart>
    <libpart lib="device" part="CP1">
      <description>Polarised capacitor</description>
      <footprints>
        <fp>CP_*</fp>
      </footprints>
      <fields>
        <field name="Reference">C</field>
        <field name="Value">CP1</field>
      </fields>
      <pins>
        <pin num="1" name="~" type="passive"/>
        <pin num="2" name="~" type="passive"/>
      </pins>
    </libpart>
    <libpart lib="conn" part="Conn_01x02">
      <description>Generic connector, single row, 01x02</description>
      <docs>~</docs>
      <footprints>
        <fp>Connector*:*_??x*mm*</fp>
        <fp>Connector*:*1x??x*mm*</fp>
        <fp>Pin?Header?Straight?1X*</fp>
        <fp>Pin?Header?Angled?1X*</fp>
        <fp>Socket?Strip?Straight?1X*</fp>
        <fp>Socket?Strip?Angled?1X*</fp>
      </footprints>
      <fields>
        <field name="Reference">J</field>
        <field name="Value">Conn_01x02</field>
      </fields>
      <pins>
        <pin num="1" name="Pin_1" type="passive"/>
        <pin num="2" name="Pin_2" type="passive"/>
      </pins>
    </libpart>
    <libpart lib="conn" part="Conn_02x07_Odd_Even">
      <description>Generic connector, double row, 02x07, odd/even pin numbering scheme (row 1 odd numbers, row 2 even numbers)</description>
      <docs>~</docs>
      <footprints>
        <fp>Connector*:*2x??x*mm*</fp>
        <fp>Connector*:*2x???Pitch*</fp>
        <fp>Pin_Header_Straight_2X*</fp>
        <fp>Pin_Header_Angled_2X*</fp>
        <fp>Socket_Strip_Straight_2X*</fp>
        <fp>Socket_Strip_Angled_2X*</fp>
      </footprints>
      <fields>
        <field name="Reference">J</field>
        <field name="Value">Conn_02x07_Odd_Even</field>
      </fields>
      <pins>
        <pin num="1" name="Pin_1" type="passive"/>
        <pin num="2" name="Pin_2" type="passive"/>
        <pin num="3" name="Pin_3" type="passive"/>
        <pin num="4" name="Pin_4" type="passive"/>
        <pin num="5" name="Pin_5" type="passive"/>
        <pin num="6" name="Pin_6" type="passive"/>
        <pin num="7" name="Pin_7" type="passive"/>
        <pin num="8" name="Pin_8" type="passive"/>
        <pin num="9" name="Pin_9" type="passive"/>
        <pin num="10" name="Pin_10" type="passive"/>
        <pin num="11" name="Pin_11" type="passive"/>
        <pin num="12" name="Pin_12" type="passive"/>
        <pin num="13" name="Pin_13" type="passive"/>
        <pin num="14" name="Pin_14" type="passive"/>
      </pins>
    </libpart>
    <libpart lib="device" part="D_ALT">
      <description>Diode, alternativ symbol</description>
      <footprints>
        <fp>TO-???*</fp>
        <fp>*SingleDiode</fp>
        <fp>*_Diode_*</fp>
        <fp>*SingleDiode*</fp>
        <fp>D_*</fp>
      </footprints>
      <fields>
        <field name="Reference">D</field>
        <field name="Value">D_ALT</field>
      </fields>
      <pins>
        <pin num="1" name="K" type="passive"/>
        <pin num="2" name="A" type="passive"/>
      </pins>
    </libpart>
    <libpart lib="device" part="D_Schottky_ALT">
      <description>Schottky diode, alternativ symbol</description>
      <footprints>
        <fp>TO-???*</fp>
        <fp>*SingleDiode</fp>
        <fp>*_Diode_*</fp>
        <fp>*SingleDiode*</fp>
        <fp>D_*</fp>
      </footprints>
      <fields>
        <field name="Reference">D</field>
        <field name="Value">D_Schottky_ALT</field>
      </fields>
      <pins>
        <pin num="1" name="K" type="passive"/>
        <pin num="2" name="A" type="passive"/>
      </pins>
    </libpart>
    <libpart lib="device" part="D_TVS_ALT">
      <description>Bidirectional transient-voltage-suppression (TVS) diode, alternative symbol</description>
      <docs>https://en.wikipedia.org/wiki/Transient-voltage-suppression_diode</docs>
      <footprints>
        <fp>TO-???*</fp>
        <fp>*SingleDiode</fp>
        <fp>*_Diode_*</fp>
        <fp>*SingleDiode*</fp>
        <fp>D_*</fp>
      </footprints>
      <fields>
        <field name="Reference">D</field>
        <field name="Value">D_TVS_ALT</field>
      </fields>
      <pins>
        <pin num="1" name="A1" type="passive"/>
        <pin num="2" name="A2" type="passive"/>
      </pins>
    </libpart>
    <libpart lib="device" part="D_Zener_ALT">
      <description>Zener Diode, alternativ symbol</description>
      <docs>https://en.wikipedia.org/wiki/Zener_diode</docs>
      <footprints>
        <fp>TO-???*</fp>
        <fp>*SingleDiode</fp>
        <fp>*_Diode_*</fp>
        <fp>*SingleDiode*</fp>
        <fp>D_*</fp>
      </footprints>
      <fields>
        <field name="Reference">D</field>
        <field name="Value">D_Zener_ALT</field>
      </fields>
      <pins>
        <pin num="1" name="K" type="passive"/>
        <pin num="2" name="A" type="passive"/>
      </pins>
    </libpart>
    <libpart lib="device" part="Fuse">
      <description>Fuse, generic</description>
      <footprints>
        <fp>*Fuse*</fp>
      </footprints>
      <fields>
        <field name="Reference">F</field>
        <field name="Value">Fuse</field>
      </fields>
      <pins>
        <pin num="1" name="~" type="passive"/>
        <pin num="2" name="~" type="passive"/>
      </pins>
    </libpart>
    <libpart lib="nhantt-kicad-lib" part="IR2110">
      <aliases>
        <alias>IR2113</alias>
      </aliases>
      <description>High and Low Side Gate Driver,  Output Current 2.0/2.0A, PDIP-14 , SOIC-14</description>
      <docs>http://www.irf.com/product-info/datasheets/data/ir2110.pdf</docs>
      <footprints>
        <fp>SOIC*7.5x10.3mm*Pitch1.27mm*</fp>
        <fp>DIP*W7.62mm*</fp>
      </footprints>
      <fields>
        <field name="Reference">U</field>
        <field name="Value">IR2110</field>
        <field name="Footprint">Housings_SOIC:SOIC-16W_7.5x10.3mm_Pitch1.27mm</field>
      </fields>
      <pins>
        <pin num="1" name="LO" type="output"/>
        <pin num="2" name="COM" type="power_in"/>
        <pin num="3" name="VCC" type="power_in"/>
        <pin num="6" name="VS" type="passive"/>
        <pin num="7" name="VB" type="passive"/>
        <pin num="8" name="HO" type="output"/>
        <pin num="11" name="VDD" type="power_in"/>
        <pin num="12" name="HIN" type="input"/>
        <pin num="13" name="SD" type="input"/>
        <pin num="14" name="LIN" type="input"/>
        <pin num="15" name="VSS" type="power_in"/>
      </pins>
    </libpart>
    <libpart lib="device" part="L">
      <description>Inductor</description>
      <footprints>
        <fp>Choke_*</fp>
        <fp>*Coil*</fp>
        <fp>Inductor_*</fp>
        <fp>L_*</fp>
      </footprints>
      <fields>
        <field name="Reference">L</field>
        <field name="Value">L</field>
      </fields>
      <pins>
        <pin num="1" name="1" type="passive"/>
        <pin num="2" name="2" type="passive"/>
      </pins>
    </libpart>
    <libpart lib="device" part="LED_ALT">
      <description>LED generic, alternativ symbol</description>
      <footprints>
        <fp>LED*</fp>
      </footprints>
      <fields>
        <field name="Reference">D</field>
        <field name="Value">LED_ALT</field>
      </fields>
      <pins>
        <pin num="1" name="K" type="passive"/>
        <pin num="2" name="A" type="passive"/>
      </pins>
    </libpart>
    <libpart lib="nhantt-kicad-lib" part="MC34063">
      <description>1.5A step up/down/inverting switching regulator</description>
      <docs>regulator/mc34063.pdf</docs>
      <fields>
        <field name="Reference">U</field>
        <field name="Value">MC34063</field>
        <field name="Footprint">st-kicad-lib:SOIC-8_3.9x4.9mm_Pitch1.27mm</field>
      </fields>
      <pins>
        <pin num="1" name="Sw_Coll" type="input"/>
        <pin num="2" name="Sw_Emit" type="input"/>
        <pin num="3" name="Tim_Cap" type="input"/>
        <pin num="4" name="GND" type="power_in"/>
        <pin num="5" name="V_Sense" type="input"/>
        <pin num="6" name="VCC" type="power_in"/>
        <pin num="7" name="I_Sense" type="input"/>
        <pin num="8" name="Drv_Coll" type="input"/>
      </pins>
    </libpart>
    <libpart lib="device" part="Q_NMOS_GDS">
      <description>Transistor N-MOSFET with substrate diode (general)</description>
      <fields>
        <field name="Reference">Q</field>
        <field name="Value">Q_NMOS_GDS</field>
      </fields>
      <pins>
        <pin num="1" name="G" type="input"/>
        <pin num="2" name="D" type="passive"/>
        <pin num="3" name="S" type="passive"/>
      </pins>
    </libpart>
    <libpart lib="device" part="R">
      <description>Resistor</description>
      <footprints>
        <fp>R_*</fp>
        <fp>R_*</fp>
      </footprints>
      <fields>
        <field name="Reference">R</field>
        <field name="Value">R</field>
      </fields>
      <pins>
        <pin num="1" name="~" type="passive"/>
        <pin num="2" name="~" type="passive"/>
      </pins>
    </libpart>
  </libparts>
  <libraries>
    <library logical="device">
      <uri>C:\Program Files\KiCad\share\kicad\library\device.lib</uri>
    </library>
    <library logical="conn">
      <uri>C:\Program Files\KiCad\share\kicad\library\conn.lib</uri>
    </library>
    <library logical="cmos4000">
      <uri>C:\Program Files\KiCad\share\kicad\library\cmos4000.lib</uri>
    </library>
    <library logical="nhantt-kicad-lib">
      <uri>E:\Project\Kicad-Lib\nhantt-kicad-lib\nhantt-kicad-lib.lib</uri>
    </library>
    <library logical="allegro">
      <uri>C:\Program Files\KiCad\share\kicad\library\allegro.lib</uri>
    </library>
  </libraries>
  <nets>
    <net code="1" name="Net-(C20-Pad1)">
      <node ref="C20" pin="1"/>
      <node ref="U5" pin="7"/>
      <node ref="D2" pin="1"/>
    </net>
    <net code="2" name="/MT2_1LIN">
      <node ref="R2" pin="2"/>
      <node ref="U5" pin="14"/>
    </net>
    <net code="3" name="/MT2_1HIN">
      <node ref="U5" pin="12"/>
      <node ref="R1" pin="2"/>
    </net>
    <net code="4" name="Net-(D7-Pad1)">
      <node ref="U5" pin="1"/>
      <node ref="R16" pin="1"/>
      <node ref="D7" pin="1"/>
    </net>
    <net code="5" name="Net-(D6-Pad1)">
      <node ref="R15" pin="1"/>
      <node ref="D6" pin="1"/>
      <node ref="U5" pin="8"/>
    </net>
    <net code="6" name="Net-(D26-Pad1)">
      <node ref="D26" pin="1"/>
      <node ref="R45" pin="2"/>
      <node ref="U12" pin="1"/>
    </net>
    <net code="7" name="Net-(D26-Pad2)">
      <node ref="R39" pin="1"/>
      <node ref="R45" pin="1"/>
      <node ref="Q10" pin="1"/>
      <node ref="D26" pin="2"/>
    </net>
    <net code="8" name="Net-(D7-Pad2)">
      <node ref="R16" pin="2"/>
      <node ref="Q4" pin="1"/>
      <node ref="R25" pin="2"/>
      <node ref="D7" pin="2"/>
    </net>
    <net code="9" name="Net-(D6-Pad2)">
      <node ref="R15" pin="2"/>
      <node ref="R24" pin="2"/>
      <node ref="Q3" pin="1"/>
      <node ref="D6" pin="2"/>
    </net>
    <net code="10" name="/MT2_2HIN">
      <node ref="R3" pin="2"/>
      <node ref="U12" pin="12"/>
    </net>
    <net code="11" name="Net-(D23-Pad1)">
      <node ref="D23" pin="1"/>
      <node ref="R43" pin="2"/>
      <node ref="U11" pin="1"/>
    </net>
    <net code="12" name="Net-(D23-Pad2)">
      <node ref="R37" pin="1"/>
      <node ref="R43" pin="1"/>
      <node ref="Q8" pin="1"/>
      <node ref="D23" pin="2"/>
    </net>
    <net code="13" name="Net-(D25-Pad1)">
      <node ref="R47" pin="2"/>
      <node ref="U12" pin="8"/>
      <node ref="D25" pin="1"/>
    </net>
    <net code="14" name="/MT2_2LIN">
      <node ref="R4" pin="2"/>
      <node ref="U12" pin="14"/>
    </net>
    <net code="15" name="Net-(D5-Pad2)">
      <node ref="R14" pin="2"/>
      <node ref="Q2" pin="1"/>
      <node ref="R23" pin="2"/>
      <node ref="D5" pin="2"/>
    </net>
    <net code="16" name="Net-(D4-Pad2)">
      <node ref="R13" pin="2"/>
      <node ref="D4" pin="2"/>
      <node ref="Q1" pin="1"/>
      <node ref="R22" pin="2"/>
    </net>
    <net code="17" name="Net-(D25-Pad2)">
      <node ref="Q9" pin="1"/>
      <node ref="D25" pin="2"/>
      <node ref="R41" pin="1"/>
      <node ref="R47" pin="1"/>
    </net>
    <net code="18" name="Net-(R3-Pad1)">
      <node ref="U2" pin="10"/>
      <node ref="R3" pin="1"/>
    </net>
    <net code="19" name="Net-(R4-Pad1)">
      <node ref="R4" pin="1"/>
      <node ref="U2" pin="9"/>
      <node ref="U2" pin="3"/>
    </net>
    <net code="20" name="Net-(R1-Pad1)">
      <node ref="R1" pin="1"/>
      <node ref="U2" pin="4"/>
    </net>
    <net code="21" name="/MT1_2LIN">
      <node ref="R12" pin="2"/>
      <node ref="U13" pin="14"/>
    </net>
    <net code="22" name="/MT3_2LIN">
      <node ref="U11" pin="14"/>
      <node ref="R8" pin="2"/>
    </net>
    <net code="23" name="/MT3_2HIN">
      <node ref="U11" pin="12"/>
      <node ref="R7" pin="2"/>
    </net>
    <net code="24" name="/MT3_1LIN">
      <node ref="U4" pin="14"/>
      <node ref="R6" pin="2"/>
    </net>
    <net code="25" name="/MT3_1HIN">
      <node ref="U4" pin="12"/>
      <node ref="R5" pin="2"/>
    </net>
    <net code="26" name="Net-(R8-Pad1)">
      <node ref="R8" pin="1"/>
      <node ref="U3" pin="9"/>
      <node ref="U3" pin="3"/>
    </net>
    <net code="27" name="/MT1_2HIN">
      <node ref="U13" pin="12"/>
      <node ref="R11" pin="2"/>
    </net>
    <net code="28" name="Net-(R7-Pad1)">
      <node ref="R7" pin="1"/>
      <node ref="U3" pin="10"/>
    </net>
    <net code="29" name="Net-(R5-Pad1)">
      <node ref="U3" pin="4"/>
      <node ref="R5" pin="1"/>
    </net>
    <net code="30" name="Net-(D28-Pad1)">
      <node ref="D28" pin="1"/>
      <node ref="U13" pin="1"/>
      <node ref="R46" pin="2"/>
    </net>
    <net code="31" name="/MT1_1LIN">
      <node ref="U6" pin="14"/>
      <node ref="R10" pin="2"/>
    </net>
    <net code="32" name="/MT1_1HIN">
      <node ref="U6" pin="12"/>
      <node ref="R9" pin="2"/>
    </net>
    <net code="33" name="Net-(R12-Pad1)">
      <node ref="U1" pin="3"/>
      <node ref="U1" pin="9"/>
      <node ref="R12" pin="1"/>
    </net>
    <net code="34" name="Net-(R11-Pad1)">
      <node ref="U1" pin="10"/>
      <node ref="R11" pin="1"/>
    </net>
    <net code="35" name="Net-(R9-Pad1)">
      <node ref="R9" pin="1"/>
      <node ref="U1" pin="4"/>
    </net>
    <net code="36" name="Net-(D9-Pad1)">
      <node ref="R18" pin="1"/>
      <node ref="U6" pin="1"/>
      <node ref="D9" pin="1"/>
    </net>
    <net code="37" name="Net-(D8-Pad1)">
      <node ref="D8" pin="1"/>
      <node ref="R17" pin="1"/>
      <node ref="U6" pin="8"/>
    </net>
    <net code="38" name="Net-(C21-Pad1)">
      <node ref="C21" pin="1"/>
      <node ref="D3" pin="1"/>
      <node ref="U6" pin="7"/>
    </net>
    <net code="39" name="Net-(D27-Pad1)">
      <node ref="D27" pin="1"/>
      <node ref="U13" pin="8"/>
      <node ref="R48" pin="2"/>
    </net>
    <net code="40" name="Net-(J2-Pad12)">
      <node ref="J2" pin="12"/>
    </net>
    <net code="41" name="/DIR3">
      <node ref="U3" pin="6"/>
      <node ref="U3" pin="1"/>
      <node ref="J2" pin="10"/>
      <node ref="R53" pin="1"/>
      <node ref="U3" pin="2"/>
      <node ref="R6" pin="1"/>
    </net>
    <net code="42" name="/PWM2">
      <node ref="J2" pin="6"/>
      <node ref="U2" pin="5"/>
      <node ref="R51" pin="1"/>
      <node ref="U2" pin="8"/>
    </net>
    <net code="43" name="/PWM3">
      <node ref="U3" pin="5"/>
      <node ref="U3" pin="8"/>
      <node ref="J2" pin="9"/>
      <node ref="R55" pin="1"/>
    </net>
    <net code="44" name="/DIR2">
      <node ref="R52" pin="1"/>
      <node ref="R2" pin="1"/>
      <node ref="U2" pin="6"/>
      <node ref="J2" pin="7"/>
      <node ref="U2" pin="1"/>
      <node ref="U2" pin="2"/>
    </net>
    <net code="45" name="/PWM1">
      <node ref="U1" pin="8"/>
      <node ref="R50" pin="1"/>
      <node ref="U1" pin="5"/>
      <node ref="J2" pin="3"/>
    </net>
    <net code="46" name="/DIR1">
      <node ref="U1" pin="1"/>
      <node ref="R49" pin="1"/>
      <node ref="U1" pin="2"/>
      <node ref="R10" pin="1"/>
      <node ref="U1" pin="6"/>
      <node ref="J2" pin="4"/>
    </net>
    <net code="47" name="Net-(R36-Pad1)">
      <node ref="U10" pin="7"/>
      <node ref="R36" pin="1"/>
    </net>
    <net code="48" name="Net-(C26-Pad1)">
      <node ref="U8" pin="6"/>
      <node ref="C26" pin="1"/>
    </net>
    <net code="49" name="Net-(C25-Pad1)">
      <node ref="C25" pin="1"/>
      <node ref="U7" pin="6"/>
    </net>
    <net code="50" name="Net-(C27-Pad1)">
      <node ref="C27" pin="1"/>
      <node ref="U10" pin="6"/>
    </net>
    <net code="51" name="Net-(D38-Pad2)">
      <node ref="D38" pin="2"/>
      <node ref="R33" pin="2"/>
      <node ref="D41" pin="1"/>
      <node ref="R36" pin="2"/>
    </net>
    <net code="52" name="Net-(R35-Pad1)">
      <node ref="U7" pin="7"/>
      <node ref="R35" pin="1"/>
    </net>
    <net code="53" name="/CURR1">
      <node ref="C23" pin="1"/>
      <node ref="D38" pin="1"/>
      <node ref="J2" pin="5"/>
    </net>
    <net code="54" name="Net-(R29-Pad1)">
      <node ref="U3" pin="11"/>
      <node ref="R29" pin="1"/>
    </net>
    <net code="55" name="Net-(R21-Pad2)">
      <node ref="R21" pin="2"/>
      <node ref="U3" pin="13"/>
      <node ref="U3" pin="12"/>
    </net>
    <net code="56" name="Net-(R20-Pad2)">
      <node ref="U2" pin="12"/>
      <node ref="U2" pin="13"/>
      <node ref="R20" pin="2"/>
    </net>
    <net code="57" name="Net-(R30-Pad1)">
      <node ref="U2" pin="11"/>
      <node ref="R30" pin="1"/>
    </net>
    <net code="58" name="GND">
      <node ref="C15" pin="2"/>
      <node ref="C47" pin="2"/>
      <node ref="U5" pin="2"/>
      <node ref="C48" pin="1"/>
      <node ref="U5" pin="13"/>
      <node ref="U5" pin="15"/>
      <node ref="C45" pin="2"/>
      <node ref="C52" pin="1"/>
      <node ref="R20" pin="1"/>
      <node ref="U1" pin="7"/>
      <node ref="R31" pin="1"/>
      <node ref="D40" pin="2"/>
      <node ref="U3" pin="7"/>
      <node ref="C12" pin="1"/>
      <node ref="C9" pin="2"/>
      <node ref="U10" pin="4"/>
      <node ref="U10" pin="3"/>
      <node ref="U10" pin="5"/>
      <node ref="U11" pin="2"/>
      <node ref="C51" pin="1"/>
      <node ref="U7" pin="5"/>
      <node ref="U7" pin="4"/>
      <node ref="U7" pin="3"/>
      <node ref="R21" pin="1"/>
      <node ref="C32" pin="2"/>
      <node ref="U9" pin="4"/>
      <node ref="C40" pin="2"/>
      <node ref="C35" pin="2"/>
      <node ref="R61" pin="1"/>
      <node ref="C38" pin="2"/>
      <node ref="D30" pin="2"/>
      <node ref="C36" pin="2"/>
      <node ref="U12" pin="13"/>
      <node ref="C18" pin="1"/>
      <node ref="U13" pin="15"/>
      <node ref="U13" pin="13"/>
      <node ref="U13" pin="2"/>
      <node ref="U12" pin="15"/>
      <node ref="D24" pin="1"/>
      <node ref="C41" pin="2"/>
      <node ref="U12" pin="2"/>
      <node ref="C31" pin="2"/>
      <node ref="C46" pin="1"/>
      <node ref="C42" pin="1"/>
      <node ref="C17" pin="2"/>
      <node ref="C16" pin="1"/>
      <node ref="U6" pin="2"/>
      <node ref="J1" pin="2"/>
      <node ref="J2" pin="14"/>
      <node ref="C39" pin="1"/>
      <node ref="U6" pin="15"/>
      <node ref="U6" pin="13"/>
      <node ref="C8" pin="2"/>
      <node ref="C11" pin="1"/>
      <node ref="J2" pin="1"/>
      <node ref="C5" pin="2"/>
      <node ref="C6" pin="2"/>
      <node ref="U4" pin="2"/>
      <node ref="U4" pin="13"/>
      <node ref="U4" pin="15"/>
      <node ref="C26" pin="2"/>
      <node ref="R33" pin="1"/>
      <node ref="C33" pin="2"/>
      <node ref="C14" pin="1"/>
      <node ref="C43" pin="2"/>
      <node ref="C44" pin="1"/>
      <node ref="U8" pin="3"/>
      <node ref="U8" pin="4"/>
      <node ref="U8" pin="5"/>
      <node ref="D41" pin="2"/>
      <node ref="R57" pin="2"/>
      <node ref="R54" pin="2"/>
      <node ref="R56" pin="2"/>
      <node ref="C50" pin="2"/>
      <node ref="D35" pin="1"/>
      <node ref="R19" pin="1"/>
      <node ref="C4" pin="2"/>
      <node ref="C3" pin="2"/>
      <node ref="C49" pin="2"/>
      <node ref="C10" pin="1"/>
      <node ref="C7" pin="2"/>
      <node ref="U11" pin="13"/>
      <node ref="U11" pin="15"/>
      <node ref="C1" pin="2"/>
      <node ref="C2" pin="2"/>
      <node ref="C13" pin="2"/>
      <node ref="C34" pin="1"/>
      <node ref="D39" pin="2"/>
      <node ref="C24" pin="2"/>
      <node ref="R32" pin="1"/>
      <node ref="C25" pin="2"/>
      <node ref="U2" pin="7"/>
      <node ref="C22" pin="2"/>
      <node ref="C23" pin="2"/>
      <node ref="C37" pin="1"/>
      <node ref="C27" pin="2"/>
    </net>
    <net code="59" name="/CURR3">
      <node ref="J2" pin="11"/>
      <node ref="D36" pin="1"/>
      <node ref="C22" pin="1"/>
    </net>
    <net code="60" name="/CURR2">
      <node ref="C24" pin="1"/>
      <node ref="D37" pin="1"/>
      <node ref="J2" pin="8"/>
    </net>
    <net code="61" name="Net-(D37-Pad2)">
      <node ref="R35" pin="2"/>
      <node ref="D39" pin="1"/>
      <node ref="D37" pin="2"/>
      <node ref="R32" pin="2"/>
    </net>
    <net code="62" name="Net-(D36-Pad2)">
      <node ref="D36" pin="2"/>
      <node ref="R34" pin="2"/>
      <node ref="D40" pin="1"/>
      <node ref="R31" pin="2"/>
    </net>
    <net code="63" name="Net-(R34-Pad1)">
      <node ref="U8" pin="7"/>
      <node ref="R34" pin="1"/>
    </net>
    <net code="64" name="Net-(R28-Pad1)">
      <node ref="R28" pin="1"/>
      <node ref="U1" pin="11"/>
    </net>
    <net code="65" name="Net-(D22-Pad2)">
      <node ref="R44" pin="1"/>
      <node ref="Q7" pin="1"/>
      <node ref="R38" pin="1"/>
      <node ref="D22" pin="2"/>
    </net>
    <net code="66" name="/MT1_L">
      <node ref="D15" pin="1"/>
      <node ref="Q5" pin="3"/>
      <node ref="D14" pin="2"/>
      <node ref="Q6" pin="2"/>
      <node ref="F2" pin="2"/>
      <node ref="C21" pin="2"/>
      <node ref="R26" pin="1"/>
      <node ref="U6" pin="6"/>
    </net>
    <net code="67" name="Net-(D13-Pad2)">
      <node ref="R25" pin="1"/>
      <node ref="D13" pin="2"/>
      <node ref="D19" pin="2"/>
      <node ref="R54" pin="1"/>
      <node ref="U7" pin="2"/>
      <node ref="U7" pin="1"/>
      <node ref="Q10" pin="3"/>
      <node ref="R39" pin="2"/>
      <node ref="Q4" pin="3"/>
    </net>
    <net code="68" name="/MT2_R">
      <node ref="D18" pin="2"/>
      <node ref="R41" pin="2"/>
      <node ref="Q9" pin="3"/>
      <node ref="U12" pin="6"/>
      <node ref="Q10" pin="2"/>
      <node ref="C29" pin="2"/>
      <node ref="J5" pin="2"/>
      <node ref="D19" pin="1"/>
    </net>
    <net code="69" name="/MT2_L">
      <node ref="F3" pin="2"/>
      <node ref="D12" pin="2"/>
      <node ref="D13" pin="1"/>
      <node ref="U5" pin="6"/>
      <node ref="R24" pin="1"/>
      <node ref="Q4" pin="2"/>
      <node ref="Q3" pin="3"/>
      <node ref="C20" pin="2"/>
    </net>
    <net code="70" name="Net-(F3-Pad1)">
      <node ref="J5" pin="1"/>
      <node ref="F3" pin="1"/>
    </net>
    <net code="71" name="/MT1_R">
      <node ref="J4" pin="2"/>
      <node ref="C30" pin="2"/>
      <node ref="Q11" pin="3"/>
      <node ref="U13" pin="6"/>
      <node ref="R42" pin="2"/>
      <node ref="Q12" pin="2"/>
      <node ref="D21" pin="1"/>
      <node ref="D20" pin="2"/>
    </net>
    <net code="72" name="Net-(F2-Pad1)">
      <node ref="J4" pin="1"/>
      <node ref="F2" pin="1"/>
    </net>
    <net code="73" name="Net-(D5-Pad1)">
      <node ref="U4" pin="1"/>
      <node ref="D5" pin="1"/>
      <node ref="R14" pin="1"/>
    </net>
    <net code="74" name="Net-(D4-Pad1)">
      <node ref="U4" pin="8"/>
      <node ref="D4" pin="1"/>
      <node ref="R13" pin="1"/>
    </net>
    <net code="75" name="Net-(C19-Pad1)">
      <node ref="D1" pin="1"/>
      <node ref="C19" pin="1"/>
      <node ref="U4" pin="7"/>
    </net>
    <net code="76" name="Net-(D22-Pad1)">
      <node ref="D22" pin="1"/>
      <node ref="U11" pin="8"/>
      <node ref="R44" pin="2"/>
    </net>
    <net code="77" name="Net-(C28-Pad1)">
      <node ref="C28" pin="1"/>
      <node ref="D31" pin="1"/>
      <node ref="U11" pin="7"/>
    </net>
    <net code="78" name="/MT3_R">
      <node ref="D16" pin="2"/>
      <node ref="C28" pin="2"/>
      <node ref="U11" pin="6"/>
      <node ref="R38" pin="2"/>
      <node ref="J3" pin="2"/>
      <node ref="D17" pin="1"/>
      <node ref="Q8" pin="2"/>
      <node ref="Q7" pin="3"/>
    </net>
    <net code="79" name="Net-(R19-Pad2)">
      <node ref="U1" pin="12"/>
      <node ref="R19" pin="2"/>
      <node ref="U1" pin="13"/>
    </net>
    <net code="80" name="Net-(D35-Pad2)">
      <node ref="D35" pin="2"/>
      <node ref="R67" pin="1"/>
    </net>
    <net code="81" name="Net-(D11-Pad2)">
      <node ref="R56" pin="1"/>
      <node ref="D11" pin="2"/>
      <node ref="D17" pin="2"/>
      <node ref="U8" pin="1"/>
      <node ref="U8" pin="2"/>
      <node ref="Q2" pin="3"/>
      <node ref="Q8" pin="3"/>
      <node ref="R23" pin="1"/>
      <node ref="R37" pin="2"/>
    </net>
    <net code="82" name="Net-(F1-Pad1)">
      <node ref="J3" pin="1"/>
      <node ref="F1" pin="1"/>
    </net>
    <net code="83" name="Net-(C30-Pad1)">
      <node ref="C30" pin="1"/>
      <node ref="D33" pin="1"/>
      <node ref="U13" pin="7"/>
    </net>
    <net code="84" name="Net-(C29-Pad1)">
      <node ref="U12" pin="7"/>
      <node ref="C29" pin="1"/>
      <node ref="D32" pin="1"/>
    </net>
    <net code="85" name="+24V">
      <node ref="D12" pin="1"/>
      <node ref="D18" pin="1"/>
      <node ref="D16" pin="1"/>
      <node ref="D10" pin="1"/>
      <node ref="C15" pin="1"/>
      <node ref="U4" pin="3"/>
      <node ref="D1" pin="2"/>
      <node ref="D34" pin="1"/>
      <node ref="C14" pin="2"/>
      <node ref="D31" pin="2"/>
      <node ref="C33" pin="1"/>
      <node ref="C34" pin="2"/>
      <node ref="C13" pin="1"/>
      <node ref="D14" pin="1"/>
      <node ref="D20" pin="1"/>
      <node ref="U6" pin="3"/>
      <node ref="Q5" pin="2"/>
      <node ref="Q3" pin="2"/>
      <node ref="Q11" pin="2"/>
      <node ref="U13" pin="3"/>
      <node ref="U12" pin="3"/>
      <node ref="D3" pin="2"/>
      <node ref="D33" pin="2"/>
      <node ref="C41" pin="1"/>
      <node ref="C39" pin="2"/>
      <node ref="C36" pin="1"/>
      <node ref="C17" pin="1"/>
      <node ref="C18" pin="2"/>
      <node ref="Q9" pin="2"/>
      <node ref="C42" pin="2"/>
      <node ref="Q1" pin="2"/>
      <node ref="Q7" pin="2"/>
      <node ref="U11" pin="3"/>
      <node ref="U5" pin="3"/>
      <node ref="D2" pin="2"/>
      <node ref="C16" pin="2"/>
      <node ref="D32" pin="2"/>
    </net>
    <net code="86" name="+5V">
      <node ref="U13" pin="11"/>
      <node ref="U12" pin="11"/>
      <node ref="C10" pin="2"/>
      <node ref="C7" pin="1"/>
      <node ref="L3" pin="2"/>
      <node ref="C35" pin="1"/>
      <node ref="C38" pin="1"/>
      <node ref="R62" pin="2"/>
      <node ref="U4" pin="11"/>
      <node ref="C44" pin="2"/>
      <node ref="C2" pin="1"/>
      <node ref="C43" pin="1"/>
      <node ref="C5" pin="1"/>
      <node ref="C11" pin="2"/>
      <node ref="C8" pin="1"/>
      <node ref="U6" pin="11"/>
      <node ref="C45" pin="1"/>
      <node ref="R52" pin="2"/>
      <node ref="R51" pin="2"/>
      <node ref="R55" pin="2"/>
      <node ref="U11" pin="11"/>
      <node ref="C40" pin="1"/>
      <node ref="U5" pin="11"/>
      <node ref="R53" pin="2"/>
      <node ref="C1" pin="1"/>
      <node ref="C46" pin="2"/>
      <node ref="C6" pin="1"/>
      <node ref="C49" pin="1"/>
      <node ref="C3" pin="1"/>
      <node ref="J2" pin="13"/>
      <node ref="R49" pin="2"/>
      <node ref="R50" pin="2"/>
      <node ref="R67" pin="2"/>
      <node ref="C4" pin="1"/>
      <node ref="R28" pin="2"/>
      <node ref="U1" pin="14"/>
      <node ref="U8" pin="8"/>
      <node ref="U3" pin="14"/>
      <node ref="U2" pin="14"/>
      <node ref="R29" pin="2"/>
      <node ref="C9" pin="1"/>
      <node ref="C12" pin="2"/>
      <node ref="C47" pin="1"/>
      <node ref="C48" pin="2"/>
      <node ref="R30" pin="2"/>
      <node ref="J2" pin="2"/>
      <node ref="U10" pin="8"/>
      <node ref="C52" pin="2"/>
      <node ref="U7" pin="8"/>
      <node ref="C51" pin="2"/>
      <node ref="C37" pin="2"/>
    </net>
    <net code="87" name="Net-(D15-Pad2)">
      <node ref="R57" pin="1"/>
      <node ref="D15" pin="2"/>
      <node ref="Q12" pin="3"/>
      <node ref="Q6" pin="3"/>
      <node ref="D21" pin="2"/>
      <node ref="R40" pin="2"/>
      <node ref="U10" pin="2"/>
      <node ref="U10" pin="1"/>
      <node ref="R27" pin="1"/>
    </net>
    <net code="88" name="Net-(D24-Pad2)">
      <node ref="D29" pin="2"/>
      <node ref="D24" pin="2"/>
      <node ref="F4" pin="1"/>
    </net>
    <net code="89" name="Net-(C31-Pad1)">
      <node ref="U9" pin="3"/>
      <node ref="C31" pin="1"/>
    </net>
    <net code="90" name="Net-(D28-Pad2)">
      <node ref="D28" pin="2"/>
      <node ref="R46" pin="1"/>
      <node ref="R40" pin="1"/>
      <node ref="Q12" pin="1"/>
    </net>
    <net code="91" name="Net-(D27-Pad2)">
      <node ref="D27" pin="2"/>
      <node ref="R42" pin="1"/>
      <node ref="R48" pin="1"/>
      <node ref="Q11" pin="1"/>
    </net>
    <net code="92" name="Net-(D9-Pad2)">
      <node ref="R18" pin="2"/>
      <node ref="R27" pin="2"/>
      <node ref="Q6" pin="1"/>
      <node ref="D9" pin="2"/>
    </net>
    <net code="93" name="Net-(D8-Pad2)">
      <node ref="Q5" pin="1"/>
      <node ref="R17" pin="2"/>
      <node ref="D8" pin="2"/>
      <node ref="R26" pin="2"/>
    </net>
    <net code="94" name="Net-(D34-Pad2)">
      <node ref="J1" pin="1"/>
      <node ref="F4" pin="2"/>
      <node ref="D34" pin="2"/>
    </net>
    <net code="95" name="Net-(D30-Pad1)">
      <node ref="U9" pin="2"/>
      <node ref="L3" pin="1"/>
      <node ref="D30" pin="1"/>
    </net>
    <net code="96" name="Net-(R58-Pad1)">
      <node ref="R58" pin="1"/>
      <node ref="U9" pin="8"/>
      <node ref="U9" pin="7"/>
      <node ref="U9" pin="1"/>
    </net>
    <net code="97" name="Net-(C32-Pad1)">
      <node ref="R58" pin="2"/>
      <node ref="C32" pin="1"/>
      <node ref="D29" pin="1"/>
      <node ref="C50" pin="1"/>
      <node ref="U9" pin="6"/>
    </net>
    <net code="98" name="Net-(R61-Pad2)">
      <node ref="U9" pin="5"/>
      <node ref="R61" pin="2"/>
      <node ref="R62" pin="1"/>
    </net>
    <net code="99" name="/MT3_L">
      <node ref="Q1" pin="3"/>
      <node ref="Q2" pin="2"/>
      <node ref="F1" pin="2"/>
      <node ref="U4" pin="6"/>
      <node ref="D10" pin="2"/>
      <node ref="R22" pin="1"/>
      <node ref="C19" pin="2"/>
      <node ref="D11" pin="1"/>
    </net>
  </nets>
</export>
