<?xml version="1.0" encoding="UTF-8"?>
<export version="D">
  <design>
    <source>E:/Project/2018/phuonghai/PH_main_water_sample_hw_v2/display_lcd_character_20x4_hw/display_lcd_character_20x4_hw.sch</source>
    <date>28/12/2018 4:59:10 CH</date>
    <tool>Eeschema 4.0.7</tool>
    <sheet number="1" name="/" tstamps="/">
      <title_block>
        <title/>
        <company/>
        <rev/>
        <date/>
        <source>display_lcd_character_20x4_hw.sch</source>
        <comment number="1" value=""/>
        <comment number="2" value=""/>
        <comment number="3" value=""/>
        <comment number="4" value=""/>
      </title_block>
    </sheet>
  </design>
  <components>
    <comp ref="SW1">
      <value>SW_Push</value>
      <footprint>Buttons_Switches_THT:SW_PUSH-12mm</footprint>
      <libsource lib="switches" part="SW_Push"/>
      <sheetpath names="/" tstamps="/"/>
      <tstamp>5B65F8E4</tstamp>
    </comp>
    <comp ref="R71">
      <value>10k</value>
      <footprint>Resistors_SMD:R_0805_HandSoldering</footprint>
      <libsource lib="device" part="R"/>
      <sheetpath names="/" tstamps="/"/>
      <tstamp>5B65FA1B</tstamp>
    </comp>
    <comp ref="C41">
      <value>100nF</value>
      <footprint>Capacitors_SMD:C_0805_HandSoldering</footprint>
      <libsource lib="device" part="C"/>
      <sheetpath names="/" tstamps="/"/>
      <tstamp>5B65FA7F</tstamp>
    </comp>
    <comp ref="SW2">
      <value>SW_Push</value>
      <footprint>Buttons_Switches_THT:SW_PUSH-12mm</footprint>
      <libsource lib="switches" part="SW_Push"/>
      <sheetpath names="/" tstamps="/"/>
      <tstamp>5B6604E0</tstamp>
    </comp>
    <comp ref="R72">
      <value>10k</value>
      <footprint>Resistors_SMD:R_0805_HandSoldering</footprint>
      <libsource lib="device" part="R"/>
      <sheetpath names="/" tstamps="/"/>
      <tstamp>5B6604E6</tstamp>
    </comp>
    <comp ref="C43">
      <value>100nF</value>
      <footprint>Capacitors_SMD:C_0805_HandSoldering</footprint>
      <libsource lib="device" part="C"/>
      <sheetpath names="/" tstamps="/"/>
      <tstamp>5B6604F2</tstamp>
    </comp>
    <comp ref="SW3">
      <value>SW_Push</value>
      <footprint>Buttons_Switches_THT:SW_PUSH-12mm</footprint>
      <libsource lib="switches" part="SW_Push"/>
      <sheetpath names="/" tstamps="/"/>
      <tstamp>5B660566</tstamp>
    </comp>
    <comp ref="R75">
      <value>10k</value>
      <footprint>Resistors_SMD:R_0805_HandSoldering</footprint>
      <libsource lib="device" part="R"/>
      <sheetpath names="/" tstamps="/"/>
      <tstamp>5B66056C</tstamp>
    </comp>
    <comp ref="C44">
      <value>100nF</value>
      <footprint>Capacitors_SMD:C_0805_HandSoldering</footprint>
      <libsource lib="device" part="C"/>
      <sheetpath names="/" tstamps="/"/>
      <tstamp>5B660578</tstamp>
    </comp>
    <comp ref="SW4">
      <value>SW_Push</value>
      <footprint>Buttons_Switches_THT:SW_PUSH-12mm</footprint>
      <libsource lib="switches" part="SW_Push"/>
      <sheetpath names="/" tstamps="/"/>
      <tstamp>5B66065B</tstamp>
    </comp>
    <comp ref="R77">
      <value>10k</value>
      <footprint>Resistors_SMD:R_0805_HandSoldering</footprint>
      <libsource lib="device" part="R"/>
      <sheetpath names="/" tstamps="/"/>
      <tstamp>5B660661</tstamp>
    </comp>
    <comp ref="C47">
      <value>100nF</value>
      <footprint>Capacitors_SMD:C_0805_HandSoldering</footprint>
      <libsource lib="device" part="C"/>
      <sheetpath names="/" tstamps="/"/>
      <tstamp>5B66066D</tstamp>
    </comp>
    <comp ref="U14">
      <value>LCD-20x04</value>
      <footprint>PH_Footprint:lcd_20x4</footprint>
      <libsource lib="PH_main_water_sample_hw-cache" part="LCD-20x04"/>
      <sheetpath names="/" tstamps="/"/>
      <tstamp>5B6629DA</tstamp>
    </comp>
    <comp ref="RV4">
      <value>POT</value>
      <footprint>nhantt-kicad-lib:VR1</footprint>
      <libsource lib="device" part="POT"/>
      <sheetpath names="/" tstamps="/"/>
      <tstamp>5B663109</tstamp>
    </comp>
    <comp ref="C45">
      <value>100nF</value>
      <footprint>Capacitors_SMD:C_0805_HandSoldering</footprint>
      <libsource lib="device" part="C"/>
      <sheetpath names="/" tstamps="/"/>
      <tstamp>5B663669</tstamp>
    </comp>
    <comp ref="C46">
      <value>10uF</value>
      <footprint>Capacitors_SMD:C_1206_HandSoldering</footprint>
      <libsource lib="device" part="C"/>
      <sheetpath names="/" tstamps="/"/>
      <tstamp>5B6638EE</tstamp>
    </comp>
    <comp ref="U13">
      <value>74HC245</value>
      <footprint>nhantt-kicad-lib:TSSOP-20_4.4x6.5mm_Pitch0.65mm</footprint>
      <libsource lib="74xx" part="74HC245"/>
      <sheetpath names="/" tstamps="/"/>
      <tstamp>5B663E75</tstamp>
    </comp>
    <comp ref="Q11">
      <value>C1815</value>
      <footprint>nhantt-kicad-lib:SOT-23</footprint>
      <libsource lib="PH_main_water_sample_hw-cache" part="C1815"/>
      <sheetpath names="/" tstamps="/"/>
      <tstamp>5B6664D4</tstamp>
    </comp>
    <comp ref="C42">
      <value>100nF</value>
      <footprint>Capacitors_SMD:C_0805_HandSoldering</footprint>
      <libsource lib="device" part="C"/>
      <sheetpath names="/" tstamps="/"/>
      <tstamp>5B6666D0</tstamp>
    </comp>
    <comp ref="R76">
      <value>100</value>
      <footprint>Resistors_SMD:R_0805_HandSoldering</footprint>
      <libsource lib="device" part="R"/>
      <sheetpath names="/" tstamps="/"/>
      <tstamp>5B666C72</tstamp>
    </comp>
    <comp ref="R74">
      <value>100</value>
      <footprint>Resistors_SMD:R_0805_HandSoldering</footprint>
      <libsource lib="device" part="R"/>
      <sheetpath names="/" tstamps="/"/>
      <tstamp>5B6672A2</tstamp>
    </comp>
    <comp ref="R73">
      <value>10k</value>
      <footprint>Resistors_SMD:R_0805_HandSoldering</footprint>
      <libsource lib="device" part="R"/>
      <sheetpath names="/" tstamps="/"/>
      <tstamp>5B6E0955</tstamp>
    </comp>
  </components>
  <libparts>
    <libpart lib="74xx" part="74LS245">
      <aliases>
        <alias>74HC245</alias>
      </aliases>
      <description>Octal BUS Transceivers, 3 State out</description>
      <fields>
        <field name="Reference">U</field>
        <field name="Value">74LS245</field>
      </fields>
      <pins>
        <pin num="1" name="A-&gt;B" type="input"/>
        <pin num="2" name="A0" type="3state"/>
        <pin num="3" name="A1" type="3state"/>
        <pin num="4" name="A2" type="3state"/>
        <pin num="5" name="A3" type="3state"/>
        <pin num="6" name="A4" type="3state"/>
        <pin num="7" name="A5" type="3state"/>
        <pin num="8" name="A6" type="3state"/>
        <pin num="9" name="A7" type="3state"/>
        <pin num="10" name="GND" type="power_in"/>
        <pin num="11" name="B7" type="3state"/>
        <pin num="12" name="B6" type="3state"/>
        <pin num="13" name="B5" type="3state"/>
        <pin num="14" name="B4" type="3state"/>
        <pin num="15" name="B3" type="3state"/>
        <pin num="16" name="B2" type="3state"/>
        <pin num="17" name="B1" type="3state"/>
        <pin num="18" name="B0" type="3state"/>
        <pin num="19" name="CE" type="input"/>
        <pin num="20" name="VCC" type="power_in"/>
      </pins>
    </libpart>
    <libpart lib="device" part="C">
      <description>Unpolarized capacitor</description>
      <footprints>
        <fp>C_*</fp>
      </footprints>
      <fields>
        <field name="Reference">C</field>
        <field name="Value">C</field>
      </fields>
      <pins>
        <pin num="1" name="~" type="passive"/>
        <pin num="2" name="~" type="passive"/>
      </pins>
    </libpart>
    <libpart lib="PH_main_water_sample_hw-cache" part="C1815">
      <footprints>
        <fp>TO-92*</fp>
      </footprints>
      <fields>
        <field name="Reference">Q</field>
        <field name="Value">C1815</field>
        <field name="Footprint">nhantt-kicad-lib:SOT-23</field>
      </fields>
      <pins>
        <pin num="1" name="B" type="input"/>
        <pin num="2" name="E" type="passive"/>
        <pin num="3" name="C" type="passive"/>
      </pins>
    </libpart>
    <libpart lib="PH_main_water_sample_hw-cache" part="LCD-20x04">
      <footprints>
        <fp>*LCD*016N002L*</fp>
      </footprints>
      <fields>
        <field name="Reference">U</field>
        <field name="Value">LCD-20x04</field>
        <field name="Footprint">Displays:LCD-016N002L</field>
      </fields>
      <pins>
        <pin num="1" name="VSS" type="power_in"/>
        <pin num="2" name="VDD" type="power_in"/>
        <pin num="3" name="VO" type="input"/>
        <pin num="4" name="RS" type="input"/>
        <pin num="5" name="R/~W" type="input"/>
        <pin num="6" name="E" type="input"/>
        <pin num="7" name="DB0" type="BiDi"/>
        <pin num="8" name="DB1" type="BiDi"/>
        <pin num="9" name="DB2" type="BiDi"/>
        <pin num="10" name="DB3" type="BiDi"/>
        <pin num="11" name="DB4" type="BiDi"/>
        <pin num="12" name="DB5" type="BiDi"/>
        <pin num="13" name="DB6" type="BiDi"/>
        <pin num="14" name="DB7" type="BiDi"/>
        <pin num="15" name="A/VEE" type="power_in"/>
        <pin num="16" name="K" type="power_in"/>
      </pins>
    </libpart>
    <libpart lib="device" part="POT">
      <description>Potentiometer</description>
      <footprints>
        <fp>Potentiometer*</fp>
      </footprints>
      <fields>
        <field name="Reference">RV</field>
        <field name="Value">POT</field>
      </fields>
      <pins>
        <pin num="1" name="1" type="passive"/>
        <pin num="2" name="2" type="passive"/>
        <pin num="3" name="3" type="passive"/>
      </pins>
    </libpart>
    <libpart lib="device" part="R">
      <description>Resistor</description>
      <footprints>
        <fp>R_*</fp>
        <fp>R_*</fp>
      </footprints>
      <fields>
        <field name="Reference">R</field>
        <field name="Value">R</field>
      </fields>
      <pins>
        <pin num="1" name="~" type="passive"/>
        <pin num="2" name="~" type="passive"/>
      </pins>
    </libpart>
    <libpart lib="switches" part="SW_Push">
      <description>Push button switch, generic, two pins</description>
      <fields>
        <field name="Reference">SW</field>
        <field name="Value">SW_Push</field>
      </fields>
      <pins>
        <pin num="1" name="1" type="passive"/>
        <pin num="2" name="2" type="passive"/>
      </pins>
    </libpart>
  </libparts>
  <libraries>
    <library logical="switches">
      <uri>C:\Program Files\KiCad\share\kicad\library\switches.lib</uri>
    </library>
    <library logical="PH_main_water_sample_hw-cache">
      <uri>E:\Project\2018\phuonghai\PH_main_water_sample_hw_v2\display_lcd_character_20x4_hw\PH_main_water_sample_hw-cache.lib</uri>
    </library>
    <library logical="74xx">
      <uri>C:\Program Files\KiCad\share\kicad\library\74xx.lib</uri>
    </library>
    <library logical="device">
      <uri>C:\Program Files\KiCad\share\kicad\library\device.lib</uri>
    </library>
  </libraries>
  <nets>
    <net code="1" name="/Button3">
      <node ref="C44" pin="2"/>
      <node ref="SW3" pin="1"/>
      <node ref="R75" pin="1"/>
    </net>
    <net code="2" name="/Button2">
      <node ref="C43" pin="2"/>
      <node ref="SW2" pin="1"/>
      <node ref="R72" pin="1"/>
    </net>
    <net code="3" name="/Button4">
      <node ref="SW4" pin="1"/>
      <node ref="C47" pin="2"/>
      <node ref="R77" pin="1"/>
    </net>
    <net code="4" name="Net-(RV4-Pad2)">
      <node ref="RV4" pin="2"/>
      <node ref="U14" pin="3"/>
    </net>
    <net code="5" name="/LCD_LIGHT">
      <node ref="U13" pin="2"/>
    </net>
    <net code="6" name="/light">
      <node ref="U13" pin="18"/>
      <node ref="R74" pin="2"/>
    </net>
    <net code="7" name="Net-(Q11-Pad1)">
      <node ref="Q11" pin="1"/>
      <node ref="R74" pin="1"/>
    </net>
    <net code="8" name="/LCD_E">
      <node ref="U13" pin="3"/>
    </net>
    <net code="9" name="+5V">
      <node ref="RV4" pin="1"/>
      <node ref="C46" pin="2"/>
      <node ref="U13" pin="1"/>
      <node ref="U13" pin="20"/>
      <node ref="R76" pin="2"/>
      <node ref="C42" pin="2"/>
      <node ref="C45" pin="2"/>
      <node ref="U14" pin="2"/>
    </net>
    <net code="10" name="/LCD_RW">
      <node ref="U13" pin="4"/>
    </net>
    <net code="11" name="/LCD_RS">
      <node ref="U13" pin="5"/>
    </net>
    <net code="12" name="/LCD_DB4">
      <node ref="U13" pin="6"/>
    </net>
    <net code="13" name="/LCD_DB5">
      <node ref="U13" pin="7"/>
    </net>
    <net code="14" name="/LCD_DB6">
      <node ref="U13" pin="8"/>
    </net>
    <net code="15" name="/LCD_DB7">
      <node ref="U13" pin="9"/>
    </net>
    <net code="16" name="/Button1">
      <node ref="C41" pin="2"/>
      <node ref="SW1" pin="1"/>
      <node ref="R71" pin="1"/>
    </net>
    <net code="17" name="Net-(Q11-Pad3)">
      <node ref="Q11" pin="3"/>
      <node ref="U14" pin="16"/>
    </net>
    <net code="18" name="Net-(R76-Pad1)">
      <node ref="U14" pin="15"/>
      <node ref="R76" pin="1"/>
    </net>
    <net code="19" name="+3V3">
      <node ref="R72" pin="2"/>
      <node ref="R75" pin="2"/>
      <node ref="R71" pin="2"/>
      <node ref="R77" pin="2"/>
    </net>
    <net code="20" name="Net-(R73-Pad1)">
      <node ref="U14" pin="9"/>
      <node ref="U14" pin="8"/>
      <node ref="U14" pin="10"/>
      <node ref="U14" pin="7"/>
      <node ref="R73" pin="1"/>
    </net>
    <net code="21" name="GND">
      <node ref="SW3" pin="2"/>
      <node ref="C41" pin="1"/>
      <node ref="C45" pin="1"/>
      <node ref="U13" pin="10"/>
      <node ref="C46" pin="1"/>
      <node ref="U13" pin="19"/>
      <node ref="Q11" pin="2"/>
      <node ref="SW1" pin="2"/>
      <node ref="RV4" pin="3"/>
      <node ref="C44" pin="1"/>
      <node ref="C42" pin="1"/>
      <node ref="R73" pin="2"/>
      <node ref="SW2" pin="2"/>
      <node ref="C43" pin="1"/>
      <node ref="SW4" pin="2"/>
      <node ref="C47" pin="1"/>
      <node ref="U14" pin="1"/>
    </net>
    <net code="22" name="/DB7">
      <node ref="U14" pin="14"/>
      <node ref="U13" pin="11"/>
    </net>
    <net code="23" name="/DB6">
      <node ref="U13" pin="12"/>
      <node ref="U14" pin="13"/>
    </net>
    <net code="24" name="/DB5">
      <node ref="U13" pin="13"/>
      <node ref="U14" pin="12"/>
    </net>
    <net code="25" name="/DB4">
      <node ref="U13" pin="14"/>
      <node ref="U14" pin="11"/>
    </net>
    <net code="26" name="/RS">
      <node ref="U13" pin="15"/>
      <node ref="U14" pin="4"/>
    </net>
    <net code="27" name="/RW">
      <node ref="U14" pin="5"/>
      <node ref="U13" pin="16"/>
    </net>
    <net code="28" name="/E">
      <node ref="U14" pin="6"/>
      <node ref="U13" pin="17"/>
    </net>
  </nets>
</export>
