<?xml version="1.0" encoding="UTF-8"?>
<export version="D">
  <design>
    <source>E:\Project\2019\phuonghai\ph_shield_sim5320_datalogger_hw\ph_shield_sim5320_datalogger_hw.sch</source>
    <date>17/06/2019 2:06:12 CH</date>
    <tool>Eeschema (5.0.2)-1</tool>
    <sheet number="1" name="/" tstamps="/">
      <title_block>
        <title>ph_shield_sim5320_datalogger_hw</title>
        <company>PHUONGHAI</company>
        <rev>nhantt</rev>
        <date>2019-05-30</date>
        <source>ph_shield_sim5320_datalogger_hw.sch</source>
        <comment number="1" value="Design by nhantt"/>
        <comment number="2" value=""/>
        <comment number="3" value=""/>
        <comment number="4" value=""/>
      </title_block>
    </sheet>
  </design>
  <components>
    <comp ref="J2">
      <value>USB_B_Micro</value>
      <footprint>nhantt-kicad-lib:USB_Micro-B</footprint>
      <datasheet>~</datasheet>
      <libsource lib="Connector" part="USB_B_Micro" description="USB Micro Type B connector"/>
      <sheetpath names="/" tstamps="/"/>
      <tstamp>5CEF4D1F</tstamp>
    </comp>
    <comp ref="U4">
      <value>SIM5320E</value>
      <footprint>nhantt-kicad-lib:SIM5320E</footprint>
      <libsource lib="nhantt-kicad-lib" part="SIM5320E" description=""/>
      <sheetpath names="/" tstamps="/"/>
      <tstamp>5CEF80AD</tstamp>
    </comp>
    <comp ref="C21">
      <value>CP1</value>
      <footprint>Capacitors_Tantalum_SMD:CP_Tantalum_Case-T_EIA-3528-12_Wave</footprint>
      <datasheet>~</datasheet>
      <libsource lib="Device" part="CP1" description="Polarized capacitor, US symbol"/>
      <sheetpath names="/" tstamps="/"/>
      <tstamp>5CEF8226</tstamp>
    </comp>
    <comp ref="C22">
      <value>100nF</value>
      <footprint>Capacitors_SMD:C_0603_HandSoldering</footprint>
      <datasheet>~</datasheet>
      <libsource lib="Device" part="C" description="Unpolarized capacitor"/>
      <sheetpath names="/" tstamps="/"/>
      <tstamp>5CEF8263</tstamp>
    </comp>
    <comp ref="U2">
      <value>LM2596S-ADJ</value>
      <footprint>TO_SOT_Packages_SMD:TO-263-5_TabPin3</footprint>
      <libsource lib="nhantt-kicad-lib" part="LM2596S-ADJ" description=""/>
      <sheetpath names="/" tstamps="/"/>
      <tstamp>5CEFA490</tstamp>
    </comp>
    <comp ref="J1">
      <value>Conn_01x02</value>
      <footprint>nhantt-kicad-lib:Domino-5.08mm_2pol</footprint>
      <datasheet>~</datasheet>
      <libsource lib="Connector_Generic" part="Conn_01x02" description="Generic connector, single row, 01x02, script generated (kicad-library-utils/schlib/autogen/connector/)"/>
      <sheetpath names="/" tstamps="/"/>
      <tstamp>5CEFA52E</tstamp>
    </comp>
    <comp ref="D2">
      <value>D_ALT</value>
      <footprint>nhantt-kicad-lib:D_SMB_Standard</footprint>
      <datasheet>~</datasheet>
      <libsource lib="Device" part="D_ALT" description="Diode, filled shape"/>
      <sheetpath names="/" tstamps="/"/>
      <tstamp>5CEFAEBE</tstamp>
    </comp>
    <comp ref="F1">
      <value>Fuse</value>
      <footprint>nhantt-kicad-lib:Fuse_SMD1812</footprint>
      <datasheet>~</datasheet>
      <libsource lib="Device" part="Fuse" description="Fuse"/>
      <sheetpath names="/" tstamps="/"/>
      <tstamp>5CEFB3E3</tstamp>
    </comp>
    <comp ref="D1">
      <value>D_TVS</value>
      <footprint>nhantt-kicad-lib:D_SMB_Standard</footprint>
      <libsource lib="PH_LIB" part="D_TVS" description="TVS diode"/>
      <sheetpath names="/" tstamps="/"/>
      <tstamp>5CEFBE38</tstamp>
    </comp>
    <comp ref="C1">
      <value>100uF/50V</value>
      <footprint>nhantt-kicad-lib:CP_Elec_10x10.5</footprint>
      <datasheet>~</datasheet>
      <libsource lib="Device" part="CP1" description="Polarized capacitor, US symbol"/>
      <sheetpath names="/" tstamps="/"/>
      <tstamp>5CEFCAF6</tstamp>
    </comp>
    <comp ref="C2">
      <value>100nF</value>
      <footprint>Capacitors_SMD:C_0805_HandSoldering</footprint>
      <datasheet>~</datasheet>
      <libsource lib="Device" part="C" description="Unpolarized capacitor"/>
      <sheetpath names="/" tstamps="/"/>
      <tstamp>5CEFD8B8</tstamp>
    </comp>
    <comp ref="D3">
      <value>D_Schottky</value>
      <footprint>nhantt-kicad-lib:D_SMA_Standard</footprint>
      <datasheet>~</datasheet>
      <libsource lib="Device" part="D_Schottky" description="Schottky diode"/>
      <sheetpath names="/" tstamps="/"/>
      <tstamp>5CF01EDB</tstamp>
    </comp>
    <comp ref="L1">
      <value>100uH</value>
      <footprint>Inductors_SMD:L_12x12mm_h8mm</footprint>
      <datasheet>~</datasheet>
      <libsource lib="Device" part="L" description="Inductor"/>
      <sheetpath names="/" tstamps="/"/>
      <tstamp>5CF034C9</tstamp>
    </comp>
    <comp ref="C5">
      <value>330uF</value>
      <footprint>nhantt-kicad-lib:CP_Elec_10x10.5</footprint>
      <datasheet>~</datasheet>
      <libsource lib="Device" part="CP1" description="Polarized capacitor, US symbol"/>
      <sheetpath names="/" tstamps="/"/>
      <tstamp>5CF040CD</tstamp>
    </comp>
    <comp ref="C6">
      <value>100nF</value>
      <footprint>Capacitors_SMD:C_0805_HandSoldering</footprint>
      <datasheet>~</datasheet>
      <libsource lib="Device" part="C" description="Unpolarized capacitor"/>
      <sheetpath names="/" tstamps="/"/>
      <tstamp>5CF041A1</tstamp>
    </comp>
    <comp ref="L2">
      <value>270R/FB101</value>
      <footprint>Inductors_THT:L_Axial_L7.0mm_D3.3mm_P5.08mm_Vertical_Fastron_MICC</footprint>
      <datasheet>~</datasheet>
      <libsource lib="Device" part="L" description="Inductor"/>
      <sheetpath names="/" tstamps="/"/>
      <tstamp>5CF0778A</tstamp>
    </comp>
    <comp ref="R5">
      <value>2.2k</value>
      <footprint>Resistors_SMD:R_0805_HandSoldering</footprint>
      <datasheet>~</datasheet>
      <libsource lib="Device" part="R" description="Resistor"/>
      <sheetpath names="/" tstamps="/"/>
      <tstamp>5CF09529</tstamp>
    </comp>
    <comp ref="R6">
      <value>1k</value>
      <footprint>Resistors_SMD:R_0805_HandSoldering</footprint>
      <datasheet>~</datasheet>
      <libsource lib="Device" part="R" description="Resistor"/>
      <sheetpath names="/" tstamps="/"/>
      <tstamp>5CF09597</tstamp>
    </comp>
    <comp ref="R4">
      <value>47k</value>
      <footprint>Resistors_SMD:R_0603_HandSoldering</footprint>
      <datasheet>~</datasheet>
      <libsource lib="Device" part="R" description="Resistor"/>
      <sheetpath names="/" tstamps="/"/>
      <tstamp>5CF11C23</tstamp>
    </comp>
    <comp ref="Q1">
      <value>C1815</value>
      <footprint>nhantt-kicad-lib:SOT-23</footprint>
      <libsource lib="nhantt-kicad-lib" part="C1815" description="50V Vce, 0.15A Ic, Low Noise Audio NPN Transistor, TO-92"/>
      <sheetpath names="/" tstamps="/"/>
      <tstamp>5CF11D3A</tstamp>
    </comp>
    <comp ref="R7">
      <value>47k</value>
      <footprint>Resistors_SMD:R_0603_HandSoldering</footprint>
      <datasheet>~</datasheet>
      <libsource lib="Device" part="R" description="Resistor"/>
      <sheetpath names="/" tstamps="/"/>
      <tstamp>5CF13359</tstamp>
    </comp>
    <comp ref="C23">
      <value>100nF</value>
      <footprint>Capacitors_SMD:C_0603_HandSoldering</footprint>
      <datasheet>~</datasheet>
      <libsource lib="Device" part="C" description="Unpolarized capacitor"/>
      <sheetpath names="/" tstamps="/"/>
      <tstamp>5CF2E8B2</tstamp>
    </comp>
    <comp ref="C26">
      <value>100uF</value>
      <footprint>Capacitors_Tantalum_SMD:CP_Tantalum_Case-T_EIA-3528-12_Wave</footprint>
      <datasheet>~</datasheet>
      <libsource lib="Device" part="CP1" description="Polarized capacitor, US symbol"/>
      <sheetpath names="/" tstamps="/"/>
      <tstamp>5CF2EA44</tstamp>
    </comp>
    <comp ref="J3">
      <value>SIM_Card</value>
      <footprint>nhantt-kicad-lib:socket_microsim_6p</footprint>
      <datasheet> ~</datasheet>
      <libsource lib="Connector" part="SIM_Card" description="SIM Card"/>
      <sheetpath names="/" tstamps="/"/>
      <tstamp>5CFD71DE</tstamp>
    </comp>
    <comp ref="L4">
      <value>Ferrite_bead</value>
      <footprint>Inductors_SMD:L_0603_HandSoldering</footprint>
      <datasheet>~</datasheet>
      <libsource lib="Device" part="L_Core_Ferrite_Small" description="Inductor with ferrite core, small symbol"/>
      <sheetpath names="/" tstamps="/"/>
      <tstamp>5D01D027</tstamp>
    </comp>
    <comp ref="L3">
      <value>Ferrite_bead</value>
      <footprint>Inductors_SMD:L_0603_HandSoldering</footprint>
      <datasheet>~</datasheet>
      <libsource lib="Device" part="L_Core_Ferrite_Small" description="Inductor with ferrite core, small symbol"/>
      <sheetpath names="/" tstamps="/"/>
      <tstamp>5D01D0DF</tstamp>
    </comp>
    <comp ref="C12">
      <value>10pF</value>
      <footprint>Capacitors_SMD:C_0603_HandSoldering</footprint>
      <datasheet>~</datasheet>
      <libsource lib="Device" part="C" description="Unpolarized capacitor"/>
      <sheetpath names="/" tstamps="/"/>
      <tstamp>5D026246</tstamp>
    </comp>
    <comp ref="C9">
      <value>10pF</value>
      <footprint>Capacitors_SMD:C_0603_HandSoldering</footprint>
      <datasheet>~</datasheet>
      <libsource lib="Device" part="C" description="Unpolarized capacitor"/>
      <sheetpath names="/" tstamps="/"/>
      <tstamp>5D026305</tstamp>
    </comp>
    <comp ref="C10">
      <value>33pF</value>
      <footprint>Capacitors_SMD:C_0603_HandSoldering</footprint>
      <datasheet>~</datasheet>
      <libsource lib="Device" part="C" description="Unpolarized capacitor"/>
      <sheetpath names="/" tstamps="/"/>
      <tstamp>5D0264E1</tstamp>
    </comp>
    <comp ref="C13">
      <value>33pF</value>
      <footprint>Capacitors_SMD:C_0603_HandSoldering</footprint>
      <datasheet>~</datasheet>
      <libsource lib="Device" part="C" description="Unpolarized capacitor"/>
      <sheetpath names="/" tstamps="/"/>
      <tstamp>5D026598</tstamp>
    </comp>
    <comp ref="C8">
      <value>33pF</value>
      <footprint>Capacitors_SMD:C_0603_HandSoldering</footprint>
      <datasheet>~</datasheet>
      <libsource lib="Device" part="C" description="Unpolarized capacitor"/>
      <sheetpath names="/" tstamps="/"/>
      <tstamp>5D034087</tstamp>
    </comp>
    <comp ref="C7">
      <value>10pF</value>
      <footprint>Capacitors_SMD:C_0603_HandSoldering</footprint>
      <datasheet>~</datasheet>
      <libsource lib="Device" part="C" description="Unpolarized capacitor"/>
      <sheetpath names="/" tstamps="/"/>
      <tstamp>5D0340FB</tstamp>
    </comp>
    <comp ref="D4">
      <value>D_TVS_ALT</value>
      <footprint>Diodes_SMD:D_SOD-323_HandSoldering</footprint>
      <datasheet>~</datasheet>
      <libsource lib="Device" part="D_TVS_ALT" description="Bidirectional transient-voltage-suppression diode, filled shape"/>
      <sheetpath names="/" tstamps="/"/>
      <tstamp>5D08C2C1</tstamp>
    </comp>
    <comp ref="D5">
      <value>D_TVS_ALT</value>
      <footprint>Diodes_SMD:D_SOD-323_HandSoldering</footprint>
      <datasheet>~</datasheet>
      <libsource lib="Device" part="D_TVS_ALT" description="Bidirectional transient-voltage-suppression diode, filled shape"/>
      <sheetpath names="/" tstamps="/"/>
      <tstamp>5D08C385</tstamp>
    </comp>
    <comp ref="J4">
      <value>Conn_01x02</value>
      <footprint>nhantt-kicad-lib:HDRV3W64_1X2_762X254X1154</footprint>
      <datasheet>~</datasheet>
      <libsource lib="Connector_Generic" part="Conn_01x02" description="Generic connector, single row, 01x02, script generated (kicad-library-utils/schlib/autogen/connector/)"/>
      <sheetpath names="/" tstamps="/"/>
      <tstamp>5D08C559</tstamp>
    </comp>
    <comp ref="L8">
      <value>Ferrite_bead</value>
      <footprint>Inductors_SMD:L_0603_HandSoldering</footprint>
      <datasheet>~</datasheet>
      <libsource lib="Device" part="L_Core_Ferrite_Small" description="Inductor with ferrite core, small symbol"/>
      <sheetpath names="/" tstamps="/"/>
      <tstamp>5D0BE11C</tstamp>
    </comp>
    <comp ref="L7">
      <value>Ferrite_bead</value>
      <footprint>Inductors_SMD:L_0603_HandSoldering</footprint>
      <datasheet>~</datasheet>
      <libsource lib="Device" part="L_Core_Ferrite_Small" description="Inductor with ferrite core, small symbol"/>
      <sheetpath names="/" tstamps="/"/>
      <tstamp>5D0BE123</tstamp>
    </comp>
    <comp ref="C19">
      <value>10pF</value>
      <footprint>Capacitors_SMD:C_0603_HandSoldering</footprint>
      <datasheet>~</datasheet>
      <libsource lib="Device" part="C" description="Unpolarized capacitor"/>
      <sheetpath names="/" tstamps="/"/>
      <tstamp>5D0BE12A</tstamp>
    </comp>
    <comp ref="C17">
      <value>10pF</value>
      <footprint>Capacitors_SMD:C_0603_HandSoldering</footprint>
      <datasheet>~</datasheet>
      <libsource lib="Device" part="C" description="Unpolarized capacitor"/>
      <sheetpath names="/" tstamps="/"/>
      <tstamp>5D0BE131</tstamp>
    </comp>
    <comp ref="C18">
      <value>33pF</value>
      <footprint>Capacitors_SMD:C_0603_HandSoldering</footprint>
      <datasheet>~</datasheet>
      <libsource lib="Device" part="C" description="Unpolarized capacitor"/>
      <sheetpath names="/" tstamps="/"/>
      <tstamp>5D0BE138</tstamp>
    </comp>
    <comp ref="C20">
      <value>33pF</value>
      <footprint>Capacitors_SMD:C_0603_HandSoldering</footprint>
      <datasheet>~</datasheet>
      <libsource lib="Device" part="C" description="Unpolarized capacitor"/>
      <sheetpath names="/" tstamps="/"/>
      <tstamp>5D0BE13F</tstamp>
    </comp>
    <comp ref="C16">
      <value>33pF</value>
      <footprint>Capacitors_SMD:C_0603_HandSoldering</footprint>
      <datasheet>~</datasheet>
      <libsource lib="Device" part="C" description="Unpolarized capacitor"/>
      <sheetpath names="/" tstamps="/"/>
      <tstamp>5D0BE146</tstamp>
    </comp>
    <comp ref="C15">
      <value>10pF</value>
      <footprint>Capacitors_SMD:C_0603_HandSoldering</footprint>
      <datasheet>~</datasheet>
      <libsource lib="Device" part="C" description="Unpolarized capacitor"/>
      <sheetpath names="/" tstamps="/"/>
      <tstamp>5D0BE14D</tstamp>
    </comp>
    <comp ref="D11">
      <value>D_TVS_ALT</value>
      <footprint>Diodes_SMD:D_SOD-323_HandSoldering</footprint>
      <datasheet>~</datasheet>
      <libsource lib="Device" part="D_TVS_ALT" description="Bidirectional transient-voltage-suppression diode, filled shape"/>
      <sheetpath names="/" tstamps="/"/>
      <tstamp>5D0BE182</tstamp>
    </comp>
    <comp ref="D17">
      <value>D_TVS_ALT</value>
      <footprint>Diodes_SMD:D_SOD-323_HandSoldering</footprint>
      <datasheet>~</datasheet>
      <libsource lib="Device" part="D_TVS_ALT" description="Bidirectional transient-voltage-suppression diode, filled shape"/>
      <sheetpath names="/" tstamps="/"/>
      <tstamp>5D0BE189</tstamp>
    </comp>
    <comp ref="L10">
      <value>Ferrite_bead</value>
      <footprint>Inductors_SMD:L_0603_HandSoldering</footprint>
      <datasheet>~</datasheet>
      <libsource lib="Device" part="L_Core_Ferrite_Small" description="Inductor with ferrite core, small symbol"/>
      <sheetpath names="/" tstamps="/"/>
      <tstamp>5D0D21BF</tstamp>
    </comp>
    <comp ref="L9">
      <value>Ferrite_bead</value>
      <footprint>Inductors_SMD:L_0603_HandSoldering</footprint>
      <datasheet>~</datasheet>
      <libsource lib="Device" part="L_Core_Ferrite_Small" description="Inductor with ferrite core, small symbol"/>
      <sheetpath names="/" tstamps="/"/>
      <tstamp>5D0D21C6</tstamp>
    </comp>
    <comp ref="C29">
      <value>10pF</value>
      <footprint>Capacitors_SMD:C_0603_HandSoldering</footprint>
      <datasheet>~</datasheet>
      <libsource lib="Device" part="C" description="Unpolarized capacitor"/>
      <sheetpath names="/" tstamps="/"/>
      <tstamp>5D0D21CD</tstamp>
    </comp>
    <comp ref="C27">
      <value>10pF</value>
      <footprint>Capacitors_SMD:C_0603_HandSoldering</footprint>
      <datasheet>~</datasheet>
      <libsource lib="Device" part="C" description="Unpolarized capacitor"/>
      <sheetpath names="/" tstamps="/"/>
      <tstamp>5D0D21D4</tstamp>
    </comp>
    <comp ref="C28">
      <value>33pF</value>
      <footprint>Capacitors_SMD:C_0603_HandSoldering</footprint>
      <datasheet>~</datasheet>
      <libsource lib="Device" part="C" description="Unpolarized capacitor"/>
      <sheetpath names="/" tstamps="/"/>
      <tstamp>5D0D21DB</tstamp>
    </comp>
    <comp ref="C30">
      <value>33pF</value>
      <footprint>Capacitors_SMD:C_0603_HandSoldering</footprint>
      <datasheet>~</datasheet>
      <libsource lib="Device" part="C" description="Unpolarized capacitor"/>
      <sheetpath names="/" tstamps="/"/>
      <tstamp>5D0D21E2</tstamp>
    </comp>
    <comp ref="C25">
      <value>33pF</value>
      <footprint>Capacitors_SMD:C_0603_HandSoldering</footprint>
      <datasheet>~</datasheet>
      <libsource lib="Device" part="C" description="Unpolarized capacitor"/>
      <sheetpath names="/" tstamps="/"/>
      <tstamp>5D0D21E9</tstamp>
    </comp>
    <comp ref="C24">
      <value>10pF</value>
      <footprint>Capacitors_SMD:C_0603_HandSoldering</footprint>
      <datasheet>~</datasheet>
      <libsource lib="Device" part="C" description="Unpolarized capacitor"/>
      <sheetpath names="/" tstamps="/"/>
      <tstamp>5D0D21F0</tstamp>
    </comp>
    <comp ref="D18">
      <value>D_TVS_ALT</value>
      <footprint>Diodes_SMD:D_SOD-323_HandSoldering</footprint>
      <datasheet>~</datasheet>
      <libsource lib="Device" part="D_TVS_ALT" description="Bidirectional transient-voltage-suppression diode, filled shape"/>
      <sheetpath names="/" tstamps="/"/>
      <tstamp>5D0D2225</tstamp>
    </comp>
    <comp ref="D19">
      <value>D_TVS_ALT</value>
      <footprint>Diodes_SMD:D_SOD-323_HandSoldering</footprint>
      <datasheet>~</datasheet>
      <libsource lib="Device" part="D_TVS_ALT" description="Bidirectional transient-voltage-suppression diode, filled shape"/>
      <sheetpath names="/" tstamps="/"/>
      <tstamp>5D0D222C</tstamp>
    </comp>
    <comp ref="U3">
      <value>TVS_Diode_Array_SMF05C</value>
      <footprint>TO_SOT_Packages_SMD:SOT-363_SC-70-6_Handsoldering</footprint>
      <libsource lib="PH_LIB" part="TVS_Diode_Array_SMF05C" description=""/>
      <sheetpath names="/" tstamps="/"/>
      <tstamp>5D1A2F39</tstamp>
    </comp>
    <comp ref="R2">
      <value>22R</value>
      <footprint>Resistors_SMD:R_0603_HandSoldering</footprint>
      <datasheet>~</datasheet>
      <libsource lib="Device" part="R" description="Resistor"/>
      <sheetpath names="/" tstamps="/"/>
      <tstamp>5D1B0601</tstamp>
    </comp>
    <comp ref="R1">
      <value>22R</value>
      <footprint>Resistors_SMD:R_0603_HandSoldering</footprint>
      <datasheet>~</datasheet>
      <libsource lib="Device" part="R" description="Resistor"/>
      <sheetpath names="/" tstamps="/"/>
      <tstamp>5D1B0CBD</tstamp>
    </comp>
    <comp ref="R3">
      <value>22R</value>
      <footprint>Resistors_SMD:R_0603_HandSoldering</footprint>
      <datasheet>~</datasheet>
      <libsource lib="Device" part="R" description="Resistor"/>
      <sheetpath names="/" tstamps="/"/>
      <tstamp>5D1B0D4D</tstamp>
    </comp>
    <comp ref="C3">
      <value>33pF</value>
      <footprint>Capacitors_SMD:C_0603_HandSoldering</footprint>
      <datasheet>~</datasheet>
      <libsource lib="Device" part="C" description="Unpolarized capacitor"/>
      <sheetpath names="/" tstamps="/"/>
      <tstamp>5D318B02</tstamp>
    </comp>
    <comp ref="C4">
      <value>100nF</value>
      <footprint>Capacitors_SMD:C_0603_HandSoldering</footprint>
      <datasheet>~</datasheet>
      <libsource lib="Device" part="C" description="Unpolarized capacitor"/>
      <sheetpath names="/" tstamps="/"/>
      <tstamp>5D318CE2</tstamp>
    </comp>
    <comp ref="J5">
      <value>Conn_01x10</value>
      <footprint>Pin_Headers:Pin_Header_Straight_1x10_Pitch2.00mm</footprint>
      <datasheet>~</datasheet>
      <libsource lib="Connector_Generic" part="Conn_01x10" description="Generic connector, single row, 01x10, script generated (kicad-library-utils/schlib/autogen/connector/)"/>
      <sheetpath names="/" tstamps="/"/>
      <tstamp>5D48FBC6</tstamp>
    </comp>
    <comp ref="U1">
      <value>TVS_Diode_Array_SMF05C</value>
      <footprint>TO_SOT_Packages_SMD:SOT-363_SC-70-6_Handsoldering</footprint>
      <libsource lib="PH_LIB" part="TVS_Diode_Array_SMF05C" description=""/>
      <sheetpath names="/" tstamps="/"/>
      <tstamp>5D757759</tstamp>
    </comp>
    <comp ref="R10">
      <value>10k</value>
      <footprint>Resistors_SMD:R_0603_HandSoldering</footprint>
      <datasheet>~</datasheet>
      <libsource lib="Device" part="R" description="Resistor"/>
      <sheetpath names="/" tstamps="/"/>
      <tstamp>5D842884</tstamp>
    </comp>
    <comp ref="Q2">
      <value>C1815</value>
      <footprint>nhantt-kicad-lib:SOT-23</footprint>
      <libsource lib="nhantt-kicad-lib" part="C1815" description="50V Vce, 0.15A Ic, Low Noise Audio NPN Transistor, TO-92"/>
      <sheetpath names="/" tstamps="/"/>
      <tstamp>5D842B8A</tstamp>
    </comp>
    <comp ref="R11">
      <value>10k</value>
      <footprint>Resistors_SMD:R_0603_HandSoldering</footprint>
      <datasheet>~</datasheet>
      <libsource lib="Device" part="R" description="Resistor"/>
      <sheetpath names="/" tstamps="/"/>
      <tstamp>5D842C52</tstamp>
    </comp>
    <comp ref="D20">
      <value>LED_ALT</value>
      <footprint>LEDs:LED_0805_HandSoldering</footprint>
      <datasheet>~</datasheet>
      <libsource lib="Device" part="LED_ALT" description="Light emitting diode, filled shape"/>
      <sheetpath names="/" tstamps="/"/>
      <tstamp>5D89E3AB</tstamp>
    </comp>
    <comp ref="R12">
      <value>300R</value>
      <footprint>Resistors_SMD:R_0603_HandSoldering</footprint>
      <datasheet>~</datasheet>
      <libsource lib="Device" part="R" description="Resistor"/>
      <sheetpath names="/" tstamps="/"/>
      <tstamp>5D959F97</tstamp>
    </comp>
    <comp ref="C14">
      <value>33p</value>
      <footprint>Capacitors_SMD:C_0603_HandSoldering</footprint>
      <datasheet>~</datasheet>
      <libsource lib="Device" part="C" description="Unpolarized capacitor"/>
      <sheetpath names="/" tstamps="/"/>
      <tstamp>5D97A118</tstamp>
    </comp>
    <comp ref="L5">
      <value>L_Small</value>
      <footprint>Inductors_SMD:L_0603_HandSoldering</footprint>
      <datasheet>~</datasheet>
      <libsource lib="Device" part="L_Small" description="Inductor, small symbol"/>
      <sheetpath names="/" tstamps="/"/>
      <tstamp>5D97A30F</tstamp>
    </comp>
    <comp ref="L6">
      <value>L_Small</value>
      <footprint>Inductors_SMD:L_0603_HandSoldering</footprint>
      <datasheet>~</datasheet>
      <libsource lib="Device" part="L_Small" description="Inductor, small symbol"/>
      <sheetpath names="/" tstamps="/"/>
      <tstamp>5D97A6A7</tstamp>
    </comp>
    <comp ref="AE1">
      <value>Anten_GPS</value>
      <footprint>PH_Footprint:PH_Antena_sma_Angel</footprint>
      <libsource lib="PH_LIB" part="Antenna_Shield" description="Antenna"/>
      <sheetpath names="/" tstamps="/"/>
      <tstamp>5DA3A262</tstamp>
    </comp>
    <comp ref="C31">
      <value>C</value>
      <footprint>Capacitors_SMD:C_0603_HandSoldering</footprint>
      <datasheet>~</datasheet>
      <libsource lib="Device" part="C" description="Unpolarized capacitor"/>
      <sheetpath names="/" tstamps="/"/>
      <tstamp>5DA7CD75</tstamp>
    </comp>
    <comp ref="C11">
      <value>C</value>
      <footprint>Capacitors_SMD:C_0603_HandSoldering</footprint>
      <datasheet>~</datasheet>
      <libsource lib="Device" part="C" description="Unpolarized capacitor"/>
      <sheetpath names="/" tstamps="/"/>
      <tstamp>5DA7D94E</tstamp>
    </comp>
    <comp ref="R8">
      <value>R</value>
      <footprint>Resistors_SMD:R_0603_HandSoldering</footprint>
      <datasheet>~</datasheet>
      <libsource lib="Device" part="R" description="Resistor"/>
      <sheetpath names="/" tstamps="/"/>
      <tstamp>5DB8C0FF</tstamp>
    </comp>
    <comp ref="C32">
      <value>C</value>
      <footprint>Capacitors_SMD:C_0603_HandSoldering</footprint>
      <datasheet>~</datasheet>
      <libsource lib="Device" part="C" description="Unpolarized capacitor"/>
      <sheetpath names="/" tstamps="/"/>
      <tstamp>5DB8C3C2</tstamp>
    </comp>
    <comp ref="R9">
      <value>R</value>
      <footprint>Resistors_SMD:R_0603_HandSoldering</footprint>
      <datasheet>~</datasheet>
      <libsource lib="Device" part="R" description="Resistor"/>
      <sheetpath names="/" tstamps="/"/>
      <tstamp>5DC5E730</tstamp>
    </comp>
    <comp ref="J8">
      <value>Conn_01x08</value>
      <footprint>Pin_Headers:Pin_Header_Straight_1x08_Pitch2.54mm</footprint>
      <datasheet>~</datasheet>
      <libsource lib="Connector_Generic" part="Conn_01x08" description="Generic connector, single row, 01x08, script generated (kicad-library-utils/schlib/autogen/connector/)"/>
      <sheetpath names="/" tstamps="/"/>
      <tstamp>5CFA297D</tstamp>
    </comp>
    <comp ref="J6">
      <value>Audio_PJ-342</value>
      <footprint>nhantt-kicad-lib:Audio_PJ-342</footprint>
      <libsource lib="nhantt-kicad-lib" part="Audio_PJ-342" description=""/>
      <sheetpath names="/" tstamps="/"/>
      <tstamp>5D04796C</tstamp>
    </comp>
    <comp ref="C33">
      <value>10uF</value>
      <footprint>Capacitors_SMD:C_0603_HandSoldering</footprint>
      <datasheet>~</datasheet>
      <libsource lib="Device" part="C" description="Unpolarized capacitor"/>
      <sheetpath names="/" tstamps="/"/>
      <tstamp>5D16211B</tstamp>
    </comp>
    <comp ref="C34">
      <value>33pF</value>
      <footprint>Capacitors_SMD:C_0603_HandSoldering</footprint>
      <datasheet>~</datasheet>
      <libsource lib="Device" part="C" description="Unpolarized capacitor"/>
      <sheetpath names="/" tstamps="/"/>
      <tstamp>5D1A7E75</tstamp>
    </comp>
    <comp ref="C35">
      <value>10pF</value>
      <footprint>Capacitors_SMD:C_0603_HandSoldering</footprint>
      <datasheet>~</datasheet>
      <libsource lib="Device" part="C" description="Unpolarized capacitor"/>
      <sheetpath names="/" tstamps="/"/>
      <tstamp>5D1A81B1</tstamp>
    </comp>
    <comp ref="R13">
      <value>10k</value>
      <footprint>Resistors_SMD:R_0603_HandSoldering</footprint>
      <datasheet>~</datasheet>
      <libsource lib="Device" part="R" description="Resistor"/>
      <sheetpath names="/" tstamps="/"/>
      <tstamp>5D75B3FB</tstamp>
    </comp>
    <comp ref="C36">
      <value>100nF</value>
      <footprint>Capacitors_SMD:C_0805_HandSoldering</footprint>
      <datasheet>~</datasheet>
      <libsource lib="Device" part="C" description="Unpolarized capacitor"/>
      <sheetpath names="/" tstamps="/"/>
      <tstamp>5D7B0EE7</tstamp>
    </comp>
    <comp ref="C37">
      <value>100uF</value>
      <footprint>Capacitors_Tantalum_SMD:CP_Tantalum_Case-T_EIA-3528-12_Wave</footprint>
      <datasheet>~</datasheet>
      <libsource lib="Device" part="CP1" description="Polarized capacitor, US symbol"/>
      <sheetpath names="/" tstamps="/"/>
      <tstamp>5D800DC4</tstamp>
    </comp>
    <comp ref="D26">
      <value>D_TVS_ALT</value>
      <footprint>Diodes_SMD:D_SOD-323_HandSoldering</footprint>
      <datasheet>~</datasheet>
      <libsource lib="Device" part="D_TVS_ALT" description="Bidirectional transient-voltage-suppression diode, filled shape"/>
      <sheetpath names="/" tstamps="/"/>
      <tstamp>5D879278</tstamp>
    </comp>
    <comp ref="D25">
      <value>D_TVS_ALT</value>
      <footprint>Diodes_SMD:D_SOD-323_HandSoldering</footprint>
      <datasheet>~</datasheet>
      <libsource lib="Device" part="D_TVS_ALT" description="Bidirectional transient-voltage-suppression diode, filled shape"/>
      <sheetpath names="/" tstamps="/"/>
      <tstamp>5D879B52</tstamp>
    </comp>
    <comp ref="D24">
      <value>D_TVS_ALT</value>
      <footprint>Diodes_SMD:D_SOD-323_HandSoldering</footprint>
      <datasheet>~</datasheet>
      <libsource lib="Device" part="D_TVS_ALT" description="Bidirectional transient-voltage-suppression diode, filled shape"/>
      <sheetpath names="/" tstamps="/"/>
      <tstamp>5D879C2C</tstamp>
    </comp>
    <comp ref="D23">
      <value>D_TVS_ALT</value>
      <footprint>Diodes_SMD:D_SOD-323_HandSoldering</footprint>
      <datasheet>~</datasheet>
      <libsource lib="Device" part="D_TVS_ALT" description="Bidirectional transient-voltage-suppression diode, filled shape"/>
      <sheetpath names="/" tstamps="/"/>
      <tstamp>5D879D06</tstamp>
    </comp>
    <comp ref="D22">
      <value>D_TVS_ALT</value>
      <footprint>Diodes_SMD:D_SOD-323_HandSoldering</footprint>
      <datasheet>~</datasheet>
      <libsource lib="Device" part="D_TVS_ALT" description="Bidirectional transient-voltage-suppression diode, filled shape"/>
      <sheetpath names="/" tstamps="/"/>
      <tstamp>5D879DE2</tstamp>
    </comp>
    <comp ref="D21">
      <value>D_TVS_ALT</value>
      <footprint>Diodes_SMD:D_SOD-323_HandSoldering</footprint>
      <datasheet>~</datasheet>
      <libsource lib="Device" part="D_TVS_ALT" description="Bidirectional transient-voltage-suppression diode, filled shape"/>
      <sheetpath names="/" tstamps="/"/>
      <tstamp>5D879EBE</tstamp>
    </comp>
    <comp ref="AE2">
      <value>Anten_GPS</value>
      <footprint>PH_Footprint:PH_Antena_sma_Angel</footprint>
      <libsource lib="PH_LIB" part="Antenna_Shield" description="Antenna"/>
      <sheetpath names="/" tstamps="/"/>
      <tstamp>5DA994A5</tstamp>
    </comp>
    <comp ref="J9">
      <value>Conn_01x05</value>
      <footprint>Pin_Headers:Pin_Header_Straight_1x05_Pitch2.00mm</footprint>
      <datasheet>~</datasheet>
      <libsource lib="Connector_Generic" part="Conn_01x05" description="Generic connector, single row, 01x05, script generated (kicad-library-utils/schlib/autogen/connector/)"/>
      <sheetpath names="/" tstamps="/"/>
      <tstamp>5DEE6F1B</tstamp>
    </comp>
    <comp ref="J7">
      <value>Conn_01x06</value>
      <footprint>Pin_Headers:Pin_Header_Straight_1x06_Pitch2.00mm</footprint>
      <datasheet>~</datasheet>
      <libsource lib="Connector_Generic" part="Conn_01x06" description="Generic connector, single row, 01x06, script generated (kicad-library-utils/schlib/autogen/connector/)"/>
      <sheetpath names="/" tstamps="/"/>
      <tstamp>5DF42968</tstamp>
    </comp>
    <comp ref="J11">
      <value>Conn_01x10</value>
      <footprint>Pin_Headers:Pin_Header_Straight_1x10_Pitch2.00mm</footprint>
      <datasheet>~</datasheet>
      <libsource lib="Connector_Generic" part="Conn_01x10" description="Generic connector, single row, 01x10, script generated (kicad-library-utils/schlib/autogen/connector/)"/>
      <sheetpath names="/" tstamps="/"/>
      <tstamp>5E028141</tstamp>
    </comp>
    <comp ref="J10">
      <value>Conn_01x05</value>
      <footprint>Pin_Headers:Pin_Header_Straight_1x05_Pitch2.54mm</footprint>
      <datasheet>~</datasheet>
      <libsource lib="Connector_Generic" part="Conn_01x05" description="Generic connector, single row, 01x05, script generated (kicad-library-utils/schlib/autogen/connector/)"/>
      <sheetpath names="/" tstamps="/"/>
      <tstamp>5E28CF66</tstamp>
    </comp>
    <comp ref="D6">
      <value>LED_ALT</value>
      <footprint>LEDs:LED_0805_HandSoldering</footprint>
      <datasheet>~</datasheet>
      <libsource lib="Device" part="LED_ALT" description="Light emitting diode, filled shape"/>
      <sheetpath names="/" tstamps="/"/>
      <tstamp>5E4650B6</tstamp>
    </comp>
    <comp ref="R14">
      <value>1k</value>
      <footprint>Resistors_SMD:R_0805_HandSoldering</footprint>
      <datasheet>~</datasheet>
      <libsource lib="Device" part="R" description="Resistor"/>
      <sheetpath names="/" tstamps="/"/>
      <tstamp>5E465CB4</tstamp>
    </comp>
  </components>
  <libparts>
    <libpart lib="Connector" part="SIM_Card">
      <description>SIM Card</description>
      <docs> ~</docs>
      <footprints>
        <fp>*SIM*Card*Holder*</fp>
      </footprints>
      <fields>
        <field name="Reference">J</field>
        <field name="Value">SIM_Card</field>
      </fields>
      <pins>
        <pin num="1" name="VCC" type="power_in"/>
        <pin num="2" name="RST" type="input"/>
        <pin num="3" name="CLK" type="input"/>
        <pin num="5" name="GND" type="power_in"/>
        <pin num="6" name="VPP" type="input"/>
        <pin num="7" name="I/O" type="BiDi"/>
      </pins>
    </libpart>
    <libpart lib="Connector" part="USB_B_Micro">
      <aliases>
        <alias>USB_B_Mini</alias>
      </aliases>
      <description>USB Micro Type B connector</description>
      <docs>~</docs>
      <footprints>
        <fp>USB*</fp>
      </footprints>
      <fields>
        <field name="Reference">J</field>
        <field name="Value">USB_B_Micro</field>
      </fields>
      <pins>
        <pin num="1" name="VBUS" type="power_out"/>
        <pin num="2" name="D-" type="passive"/>
        <pin num="3" name="D+" type="passive"/>
        <pin num="4" name="ID" type="passive"/>
        <pin num="5" name="GND" type="power_out"/>
        <pin num="6" name="Shield" type="passive"/>
      </pins>
    </libpart>
    <libpart lib="Connector_Generic" part="Conn_01x02">
      <description>Generic connector, single row, 01x02, script generated (kicad-library-utils/schlib/autogen/connector/)</description>
      <docs>~</docs>
      <footprints>
        <fp>Connector*:*_1x??_*</fp>
      </footprints>
      <fields>
        <field name="Reference">J</field>
        <field name="Value">Conn_01x02</field>
      </fields>
      <pins>
        <pin num="1" name="Pin_1" type="passive"/>
        <pin num="2" name="Pin_2" type="passive"/>
      </pins>
    </libpart>
    <libpart lib="Connector_Generic" part="Conn_01x05">
      <description>Generic connector, single row, 01x05, script generated (kicad-library-utils/schlib/autogen/connector/)</description>
      <docs>~</docs>
      <footprints>
        <fp>Connector*:*_1x??_*</fp>
      </footprints>
      <fields>
        <field name="Reference">J</field>
        <field name="Value">Conn_01x05</field>
      </fields>
      <pins>
        <pin num="1" name="Pin_1" type="passive"/>
        <pin num="2" name="Pin_2" type="passive"/>
        <pin num="3" name="Pin_3" type="passive"/>
        <pin num="4" name="Pin_4" type="passive"/>
        <pin num="5" name="Pin_5" type="passive"/>
      </pins>
    </libpart>
    <libpart lib="Connector_Generic" part="Conn_01x06">
      <description>Generic connector, single row, 01x06, script generated (kicad-library-utils/schlib/autogen/connector/)</description>
      <docs>~</docs>
      <footprints>
        <fp>Connector*:*_1x??_*</fp>
      </footprints>
      <fields>
        <field name="Reference">J</field>
        <field name="Value">Conn_01x06</field>
      </fields>
      <pins>
        <pin num="1" name="Pin_1" type="passive"/>
        <pin num="2" name="Pin_2" type="passive"/>
        <pin num="3" name="Pin_3" type="passive"/>
        <pin num="4" name="Pin_4" type="passive"/>
        <pin num="5" name="Pin_5" type="passive"/>
        <pin num="6" name="Pin_6" type="passive"/>
      </pins>
    </libpart>
    <libpart lib="Connector_Generic" part="Conn_01x08">
      <description>Generic connector, single row, 01x08, script generated (kicad-library-utils/schlib/autogen/connector/)</description>
      <docs>~</docs>
      <footprints>
        <fp>Connector*:*_1x??_*</fp>
      </footprints>
      <fields>
        <field name="Reference">J</field>
        <field name="Value">Conn_01x08</field>
      </fields>
      <pins>
        <pin num="1" name="Pin_1" type="passive"/>
        <pin num="2" name="Pin_2" type="passive"/>
        <pin num="3" name="Pin_3" type="passive"/>
        <pin num="4" name="Pin_4" type="passive"/>
        <pin num="5" name="Pin_5" type="passive"/>
        <pin num="6" name="Pin_6" type="passive"/>
        <pin num="7" name="Pin_7" type="passive"/>
        <pin num="8" name="Pin_8" type="passive"/>
      </pins>
    </libpart>
    <libpart lib="Connector_Generic" part="Conn_01x10">
      <description>Generic connector, single row, 01x10, script generated (kicad-library-utils/schlib/autogen/connector/)</description>
      <docs>~</docs>
      <footprints>
        <fp>Connector*:*_1x??_*</fp>
      </footprints>
      <fields>
        <field name="Reference">J</field>
        <field name="Value">Conn_01x10</field>
      </fields>
      <pins>
        <pin num="1" name="Pin_1" type="passive"/>
        <pin num="2" name="Pin_2" type="passive"/>
        <pin num="3" name="Pin_3" type="passive"/>
        <pin num="4" name="Pin_4" type="passive"/>
        <pin num="5" name="Pin_5" type="passive"/>
        <pin num="6" name="Pin_6" type="passive"/>
        <pin num="7" name="Pin_7" type="passive"/>
        <pin num="8" name="Pin_8" type="passive"/>
        <pin num="9" name="Pin_9" type="passive"/>
        <pin num="10" name="Pin_10" type="passive"/>
      </pins>
    </libpart>
    <libpart lib="Device" part="C">
      <description>Unpolarized capacitor</description>
      <docs>~</docs>
      <footprints>
        <fp>C_*</fp>
      </footprints>
      <fields>
        <field name="Reference">C</field>
        <field name="Value">C</field>
      </fields>
      <pins>
        <pin num="1" name="~" type="passive"/>
        <pin num="2" name="~" type="passive"/>
      </pins>
    </libpart>
    <libpart lib="Device" part="CP1">
      <description>Polarized capacitor, US symbol</description>
      <docs>~</docs>
      <footprints>
        <fp>CP_*</fp>
      </footprints>
      <fields>
        <field name="Reference">C</field>
        <field name="Value">CP1</field>
      </fields>
      <pins>
        <pin num="1" name="~" type="passive"/>
        <pin num="2" name="~" type="passive"/>
      </pins>
    </libpart>
    <libpart lib="Device" part="D_ALT">
      <description>Diode, filled shape</description>
      <docs>~</docs>
      <footprints>
        <fp>TO-???*</fp>
        <fp>*_Diode_*</fp>
        <fp>*SingleDiode*</fp>
        <fp>D_*</fp>
      </footprints>
      <fields>
        <field name="Reference">D</field>
        <field name="Value">D_ALT</field>
      </fields>
      <pins>
        <pin num="1" name="K" type="passive"/>
        <pin num="2" name="A" type="passive"/>
      </pins>
    </libpart>
    <libpart lib="Device" part="D_Schottky">
      <description>Schottky diode</description>
      <docs>~</docs>
      <footprints>
        <fp>TO-???*</fp>
        <fp>*_Diode_*</fp>
        <fp>*SingleDiode*</fp>
        <fp>D_*</fp>
      </footprints>
      <fields>
        <field name="Reference">D</field>
        <field name="Value">D_Schottky</field>
      </fields>
      <pins>
        <pin num="1" name="K" type="passive"/>
        <pin num="2" name="A" type="passive"/>
      </pins>
    </libpart>
    <libpart lib="Device" part="D_TVS_ALT">
      <description>Bidirectional transient-voltage-suppression diode, filled shape</description>
      <docs>~</docs>
      <footprints>
        <fp>TO-???*</fp>
        <fp>*_Diode_*</fp>
        <fp>*SingleDiode*</fp>
        <fp>D_*</fp>
      </footprints>
      <fields>
        <field name="Reference">D</field>
        <field name="Value">D_TVS_ALT</field>
      </fields>
      <pins>
        <pin num="1" name="A1" type="passive"/>
        <pin num="2" name="A2" type="passive"/>
      </pins>
    </libpart>
    <libpart lib="Device" part="Fuse">
      <description>Fuse</description>
      <docs>~</docs>
      <footprints>
        <fp>*Fuse*</fp>
      </footprints>
      <fields>
        <field name="Reference">F</field>
        <field name="Value">Fuse</field>
      </fields>
      <pins>
        <pin num="1" name="~" type="passive"/>
        <pin num="2" name="~" type="passive"/>
      </pins>
    </libpart>
    <libpart lib="Device" part="L">
      <description>Inductor</description>
      <docs>~</docs>
      <footprints>
        <fp>Choke_*</fp>
        <fp>*Coil*</fp>
        <fp>Inductor_*</fp>
        <fp>L_*</fp>
      </footprints>
      <fields>
        <field name="Reference">L</field>
        <field name="Value">L</field>
      </fields>
      <pins>
        <pin num="1" name="1" type="passive"/>
        <pin num="2" name="2" type="passive"/>
      </pins>
    </libpart>
    <libpart lib="Device" part="LED_ALT">
      <description>Light emitting diode, filled shape</description>
      <docs>~</docs>
      <footprints>
        <fp>LED*</fp>
        <fp>LED_SMD:*</fp>
        <fp>LED_THT:*</fp>
      </footprints>
      <fields>
        <field name="Reference">D</field>
        <field name="Value">LED_ALT</field>
      </fields>
      <pins>
        <pin num="1" name="K" type="passive"/>
        <pin num="2" name="A" type="passive"/>
      </pins>
    </libpart>
    <libpart lib="Device" part="L_Core_Ferrite_Small">
      <description>Inductor with ferrite core, small symbol</description>
      <docs>~</docs>
      <footprints>
        <fp>Choke_*</fp>
        <fp>*Coil*</fp>
        <fp>Inductor_*</fp>
        <fp>L_*</fp>
      </footprints>
      <fields>
        <field name="Reference">L</field>
        <field name="Value">L_Core_Ferrite_Small</field>
      </fields>
      <pins>
        <pin num="1" name="~" type="passive"/>
        <pin num="2" name="~" type="passive"/>
      </pins>
    </libpart>
    <libpart lib="Device" part="L_Small">
      <description>Inductor, small symbol</description>
      <docs>~</docs>
      <footprints>
        <fp>Choke_*</fp>
        <fp>*Coil*</fp>
        <fp>Inductor_*</fp>
        <fp>L_*</fp>
      </footprints>
      <fields>
        <field name="Reference">L</field>
        <field name="Value">L_Small</field>
      </fields>
      <pins>
        <pin num="1" name="~" type="passive"/>
        <pin num="2" name="~" type="passive"/>
      </pins>
    </libpart>
    <libpart lib="Device" part="R">
      <description>Resistor</description>
      <docs>~</docs>
      <footprints>
        <fp>R_*</fp>
      </footprints>
      <fields>
        <field name="Reference">R</field>
        <field name="Value">R</field>
      </fields>
      <pins>
        <pin num="1" name="~" type="passive"/>
        <pin num="2" name="~" type="passive"/>
      </pins>
    </libpart>
    <libpart lib="PH_LIB" part="Antenna_Shield">
      <description>Antenna</description>
      <fields>
        <field name="Reference">AE</field>
        <field name="Value">Antenna_Shield</field>
      </fields>
      <pins>
        <pin num="1" name="A" type="passive"/>
        <pin num="2" name="Shield" type="passive"/>
      </pins>
    </libpart>
    <libpart lib="PH_LIB" part="D_TVS">
      <description>TVS diode</description>
      <fields>
        <field name="Reference">D</field>
        <field name="Value">D_TVS</field>
      </fields>
      <pins>
        <pin num="1" name="A1" type="passive"/>
        <pin num="2" name="A2" type="passive"/>
      </pins>
    </libpart>
    <libpart lib="PH_LIB" part="TVS_Diode_Array_SMF05C">
      <fields>
        <field name="Reference">U</field>
        <field name="Value">TVS_Diode_Array_SMF05C</field>
      </fields>
      <pins>
        <pin num="1" name="I/O" type="passive"/>
        <pin num="2" name="GND" type="passive"/>
        <pin num="3" name="I/O" type="passive"/>
        <pin num="4" name="I/O" type="passive"/>
        <pin num="5" name="I/O" type="passive"/>
        <pin num="6" name="I/O" type="passive"/>
      </pins>
    </libpart>
    <libpart lib="nhantt-kicad-lib" part="Audio_PJ-342">
      <fields>
        <field name="Reference">J</field>
        <field name="Value">Audio_PJ-342</field>
        <field name="Footprint">nhantt-kicad-lib:Audio_PJ-342</field>
      </fields>
      <pins>
        <pin num="1" name="~" type="passive"/>
        <pin num="2" name="~" type="passive"/>
        <pin num="3" name="~" type="passive"/>
        <pin num="4" name="~" type="passive"/>
      </pins>
    </libpart>
    <libpart lib="nhantt-kicad-lib" part="C1815">
      <description>50V Vce, 0.15A Ic, Low Noise Audio NPN Transistor, TO-92</description>
      <footprints>
        <fp>TO-92*</fp>
      </footprints>
      <fields>
        <field name="Reference">Q</field>
        <field name="Value">C1815</field>
        <field name="Footprint">nhantt-kicad-lib:SOT-23</field>
      </fields>
      <pins>
        <pin num="1" name="B" type="input"/>
        <pin num="2" name="E" type="passive"/>
        <pin num="3" name="C" type="passive"/>
      </pins>
    </libpart>
    <libpart lib="nhantt-kicad-lib" part="LM2596S-12">
      <aliases>
        <alias>LM2596S-5</alias>
        <alias>LM2596S-3.3</alias>
        <alias>LM2596S-ADJ</alias>
      </aliases>
      <footprints>
        <fp>TO-263-5*</fp>
      </footprints>
      <fields>
        <field name="Reference">U</field>
        <field name="Value">LM2596S-12</field>
        <field name="Footprint">TO-263-5</field>
      </fields>
      <pins>
        <pin num="1" name="VIN" type="passive"/>
        <pin num="2" name="OUT" type="output"/>
        <pin num="3" name="GND" type="power_in"/>
        <pin num="4" name="FB" type="input"/>
        <pin num="5" name="~ON~/OFF" type="input"/>
      </pins>
    </libpart>
    <libpart lib="nhantt-kicad-lib" part="SIM5320E">
      <fields>
        <field name="Reference">U</field>
        <field name="Value">SIM5320E</field>
        <field name="Footprint">nhantt-kicad-lib:SIM5320E</field>
      </fields>
      <pins>
        <pin num="1" name="GND" type="input"/>
        <pin num="2" name="GND" type="input"/>
        <pin num="3" name="POWER_ON" type="input"/>
        <pin num="4" name="RESET" type="input"/>
        <pin num="5" name="GND" type="input"/>
        <pin num="6" name="SPI_CLK" type="input"/>
        <pin num="7" name="SPI_MISO_DATA" type="input"/>
        <pin num="8" name="SPI_MOSI_DATA" type="input"/>
        <pin num="9" name="SPI_CS_N" type="input"/>
        <pin num="10" name="GND" type="input"/>
        <pin num="11" name="USB_VBUS" type="input"/>
        <pin num="12" name="USB_DM" type="input"/>
        <pin num="13" name="USB_DP" type="input"/>
        <pin num="14" name="GND" type="input"/>
        <pin num="15" name="RESERVED" type="input"/>
        <pin num="16" name="RESERVED" type="input"/>
        <pin num="17" name="USIM_DATA" type="input"/>
        <pin num="18" name="USIM_RESET" type="input"/>
        <pin num="19" name="USIM_CLK" type="input"/>
        <pin num="20" name="V_USIM" type="input"/>
        <pin num="21" name="SPK_M" type="input"/>
        <pin num="22" name="SPK_P" type="input"/>
        <pin num="23" name="MIC1P" type="input"/>
        <pin num="24" name="MIC1N" type="input"/>
        <pin num="25" name="EAR1N" type="input"/>
        <pin num="26" name="EAR1P" type="input"/>
        <pin num="27" name="KEYSENSE_N1" type="input"/>
        <pin num="28" name="KEYSENSE_N0" type="input"/>
        <pin num="29" name="KEYPAD_0" type="input"/>
        <pin num="30" name="KEYPAD_2" type="input"/>
        <pin num="31" name="KEYSENSE_N2" type="input"/>
        <pin num="32" name="KEYSENSE_N3" type="input"/>
        <pin num="33" name="KEYPAD_1" type="input"/>
        <pin num="34" name="KEYPAD_4" type="input"/>
        <pin num="35" name="KEYPAD_3" type="input"/>
        <pin num="36" name="KEYSENSE_N4" type="input"/>
        <pin num="37" name="GND" type="input"/>
        <pin num="38" name="VBAT_BB" type="input"/>
        <pin num="39" name="VBAT_BB" type="input"/>
        <pin num="40" name="GND" type="input"/>
        <pin num="41" name="GND" type="input"/>
        <pin num="42" name="VRTC" type="input"/>
        <pin num="43" name="GND" type="input"/>
        <pin num="44" name="VREG_AUX" type="input"/>
        <pin num="45" name="CURRENT_SINK" type="input"/>
        <pin num="46" name="ADC2" type="input"/>
        <pin num="47" name="ADC1" type="input"/>
        <pin num="48" name="GPIO44" type="input"/>
        <pin num="49" name="GPIO40" type="input"/>
        <pin num="50" name="GPIO43" type="input"/>
        <pin num="51" name="GPIO1" type="input"/>
        <pin num="52" name="GPIO41" type="input"/>
        <pin num="53" name="GPIO42" type="input"/>
        <pin num="54" name="GPIO4" type="input"/>
        <pin num="55" name="I2C_SCL" type="input"/>
        <pin num="56" name="I2C_SDA" type="input"/>
        <pin num="57" name="GND" type="input"/>
        <pin num="58" name="GND" type="input"/>
        <pin num="59" name="MAIN_ANT" type="input"/>
        <pin num="60" name="GND" type="input"/>
        <pin num="61" name="GND" type="input"/>
        <pin num="62" name="VBAT_RF" type="input"/>
        <pin num="63" name="VBAT_RF" type="input"/>
        <pin num="64" name="GND" type="input"/>
        <pin num="65" name="GND" type="input"/>
        <pin num="66" name="UART_RST" type="input"/>
        <pin num="67" name="UART_CTS" type="input"/>
        <pin num="68" name="UART_RXD" type="input"/>
        <pin num="69" name="UART_RI" type="input"/>
        <pin num="70" name="UART_DCD" type="input"/>
        <pin num="71" name="UART_TXD" type="input"/>
        <pin num="72" name="UART_DTR" type="input"/>
        <pin num="73" name="PCM_DOUT" type="input"/>
        <pin num="74" name="PCM_DIN" type="input"/>
        <pin num="75" name="PCM_SYNC" type="input"/>
        <pin num="76" name="PCM_CLK" type="input"/>
        <pin num="77" name="GND" type="input"/>
        <pin num="78" name="GND" type="input"/>
        <pin num="79" name="CPS_ANT" type="input"/>
        <pin num="80" name="GND" type="input"/>
      </pins>
    </libpart>
  </libparts>
  <libraries>
    <library logical="Connector">
      <uri>C:\Program Files\KiCad\share\kicad\library/Connector.lib</uri>
    </library>
    <library logical="Connector_Generic">
      <uri>C:\Program Files\KiCad\share\kicad\library/Connector_Generic.lib</uri>
    </library>
    <library logical="Device">
      <uri>C:\Program Files\KiCad\share\kicad\library/Device.lib</uri>
    </library>
    <library logical="PH_LIB">
      <uri>E:/BanGiaoPhuongHai/Lib_Kicad_Common/PH_Library/PH_Lib/PH_LIB.lib</uri>
    </library>
    <library logical="nhantt-kicad-lib">
      <uri>E:/Project/Kicad-Lib/nhantt-kicad-lib/nhantt-kicad-lib.lib</uri>
    </library>
  </libraries>
  <nets>
    <net code="1" name="Net-(C33-Pad2)">
      <node ref="J6" pin="3"/>
      <node ref="J6" pin="2"/>
      <node ref="C33" pin="2"/>
    </net>
    <net code="2" name="/MIC+">
      <node ref="L7" pin="2"/>
      <node ref="C15" pin="1"/>
      <node ref="D11" pin="1"/>
      <node ref="C17" pin="2"/>
      <node ref="C18" pin="2"/>
      <node ref="C16" pin="1"/>
      <node ref="J6" pin="4"/>
    </net>
    <net code="3" name="/PCM_CLK">
      <node ref="U4" pin="76"/>
      <node ref="J9" pin="4"/>
    </net>
    <net code="4" name="/GPIO44">
      <node ref="J11" pin="7"/>
      <node ref="U4" pin="48"/>
    </net>
    <net code="5" name="/GPIO40">
      <node ref="U4" pin="49"/>
      <node ref="J11" pin="6"/>
    </net>
    <net code="6" name="/HOST_WAKEUP">
      <node ref="J8" pin="5"/>
      <node ref="D25" pin="2"/>
      <node ref="U4" pin="52"/>
    </net>
    <net code="7" name="/GPIO42">
      <node ref="U4" pin="53"/>
      <node ref="J11" pin="4"/>
    </net>
    <net code="8" name="/PCM_DOUT">
      <node ref="J9" pin="3"/>
      <node ref="U4" pin="73"/>
    </net>
    <net code="9" name="/PCM_DIN">
      <node ref="J9" pin="1"/>
      <node ref="U4" pin="74"/>
    </net>
    <net code="10" name="/PCM_SYNC">
      <node ref="U4" pin="75"/>
      <node ref="J9" pin="2"/>
    </net>
    <net code="11" name="/ADC1">
      <node ref="J11" pin="8"/>
      <node ref="U4" pin="47"/>
    </net>
    <net code="12" name="/UART_DTR">
      <node ref="U4" pin="72"/>
      <node ref="J10" pin="1"/>
    </net>
    <net code="13" name="/UART_DCD">
      <node ref="J10" pin="2"/>
      <node ref="U4" pin="70"/>
    </net>
    <net code="14" name="/UART_RI">
      <node ref="J10" pin="3"/>
      <node ref="U4" pin="69"/>
    </net>
    <net code="15" name="/ADC2">
      <node ref="U4" pin="46"/>
      <node ref="J11" pin="9"/>
    </net>
    <net code="16" name="/MODULE_WAKEUP">
      <node ref="U4" pin="50"/>
      <node ref="D26" pin="2"/>
      <node ref="J8" pin="6"/>
    </net>
    <net code="17" name="/UART_RXD">
      <node ref="D24" pin="2"/>
      <node ref="J8" pin="4"/>
      <node ref="U4" pin="68"/>
    </net>
    <net code="18" name="Net-(Q2-Pad1)">
      <node ref="R10" pin="1"/>
      <node ref="Q2" pin="1"/>
      <node ref="R11" pin="2"/>
    </net>
    <net code="19" name="Net-(Q2-Pad3)">
      <node ref="Q2" pin="3"/>
      <node ref="R12" pin="1"/>
    </net>
    <net code="20" name="/GPIO1">
      <node ref="J11" pin="5"/>
      <node ref="U4" pin="51"/>
      <node ref="R10" pin="2"/>
    </net>
    <net code="21" name="VBAT">
      <node ref="R14" pin="1"/>
      <node ref="U4" pin="63"/>
      <node ref="C21" pin="1"/>
      <node ref="C22" pin="2"/>
      <node ref="U4" pin="62"/>
      <node ref="L2" pin="2"/>
      <node ref="C23" pin="1"/>
      <node ref="C26" pin="1"/>
      <node ref="R13" pin="2"/>
      <node ref="U4" pin="39"/>
      <node ref="U4" pin="38"/>
      <node ref="D20" pin="2"/>
    </net>
    <net code="22" name="/I2C_SDA">
      <node ref="J11" pin="1"/>
      <node ref="U4" pin="56"/>
    </net>
    <net code="23" name="/I2C_SCL">
      <node ref="U4" pin="55"/>
      <node ref="J11" pin="2"/>
    </net>
    <net code="24" name="Net-(D20-Pad1)">
      <node ref="R12" pin="2"/>
      <node ref="D20" pin="1"/>
    </net>
    <net code="25" name="Net-(AE1-Pad1)">
      <node ref="C14" pin="1"/>
      <node ref="AE1" pin="1"/>
      <node ref="L5" pin="2"/>
    </net>
    <net code="26" name="/KEYSENSE1">
      <node ref="J5" pin="4"/>
      <node ref="U4" pin="27"/>
    </net>
    <net code="27" name="/USB_DP">
      <node ref="J2" pin="3"/>
      <node ref="U4" pin="13"/>
      <node ref="U1" pin="5"/>
    </net>
    <net code="28" name="/USB_DM">
      <node ref="U1" pin="4"/>
      <node ref="J2" pin="2"/>
      <node ref="U4" pin="12"/>
    </net>
    <net code="29" name="Net-(U1-Pad3)">
      <node ref="U1" pin="3"/>
    </net>
    <net code="30" name="Net-(U1-Pad1)">
      <node ref="U1" pin="1"/>
    </net>
    <net code="31" name="/KEYSENSE4">
      <node ref="U4" pin="36"/>
      <node ref="J5" pin="1"/>
    </net>
    <net code="32" name="/KEYSENSE3">
      <node ref="U4" pin="32"/>
      <node ref="J5" pin="2"/>
    </net>
    <net code="33" name="/KEYSENSE2">
      <node ref="J5" pin="3"/>
      <node ref="U4" pin="31"/>
    </net>
    <net code="34" name="/KEYSENSE0">
      <node ref="U4" pin="28"/>
      <node ref="J5" pin="5"/>
    </net>
    <net code="35" name="/KEYPAD_4">
      <node ref="J5" pin="6"/>
      <node ref="U4" pin="34"/>
    </net>
    <net code="36" name="/KEYPAD_3">
      <node ref="U4" pin="35"/>
      <node ref="J5" pin="7"/>
    </net>
    <net code="37" name="/KEYPAD_2">
      <node ref="J5" pin="8"/>
      <node ref="U4" pin="30"/>
    </net>
    <net code="38" name="/KEYPAD_0">
      <node ref="J5" pin="10"/>
      <node ref="U4" pin="29"/>
    </net>
    <net code="39" name="/KEYPAD_1">
      <node ref="U4" pin="33"/>
      <node ref="J5" pin="9"/>
    </net>
    <net code="40" name="Net-(C14-Pad2)">
      <node ref="L6" pin="2"/>
      <node ref="C14" pin="2"/>
      <node ref="U4" pin="79"/>
    </net>
    <net code="41" name="Net-(C31-Pad2)">
      <node ref="U4" pin="59"/>
      <node ref="C31" pin="2"/>
      <node ref="R8" pin="2"/>
    </net>
    <net code="42" name="Net-(C32-Pad2)">
      <node ref="C32" pin="2"/>
      <node ref="R8" pin="1"/>
      <node ref="R9" pin="2"/>
    </net>
    <net code="43" name="Net-(AE2-Pad1)">
      <node ref="R9" pin="1"/>
      <node ref="AE2" pin="1"/>
    </net>
    <net code="44" name="/SPI_CS">
      <node ref="J7" pin="4"/>
      <node ref="U4" pin="9"/>
    </net>
    <net code="45" name="/SPI_MOSI">
      <node ref="U4" pin="8"/>
      <node ref="J7" pin="3"/>
    </net>
    <net code="46" name="/SPI_CLK">
      <node ref="U4" pin="6"/>
      <node ref="J7" pin="1"/>
    </net>
    <net code="47" name="/SPI_MISO">
      <node ref="U4" pin="7"/>
      <node ref="J7" pin="2"/>
    </net>
    <net code="48" name="/FLY_MODE">
      <node ref="J11" pin="3"/>
      <node ref="U4" pin="54"/>
    </net>
    <net code="49" name="/UART_RST">
      <node ref="J10" pin="5"/>
      <node ref="U4" pin="66"/>
    </net>
    <net code="50" name="/UART_CTS">
      <node ref="U4" pin="67"/>
      <node ref="J10" pin="4"/>
    </net>
    <net code="51" name="Net-(U4-Pad16)">
      <node ref="U4" pin="16"/>
    </net>
    <net code="52" name="Net-(U4-Pad15)">
      <node ref="U4" pin="15"/>
    </net>
    <net code="53" name="/CURRENT_SINK">
      <node ref="U4" pin="45"/>
      <node ref="J7" pin="5"/>
    </net>
    <net code="54" name="Net-(J3-Pad7)">
      <node ref="J3" pin="7"/>
      <node ref="U3" pin="5"/>
      <node ref="R3" pin="2"/>
    </net>
    <net code="55" name="Net-(J3-Pad3)">
      <node ref="J3" pin="3"/>
      <node ref="R2" pin="2"/>
      <node ref="U3" pin="6"/>
    </net>
    <net code="56" name="Net-(D6-Pad2)">
      <node ref="R14" pin="2"/>
      <node ref="D6" pin="2"/>
    </net>
    <net code="57" name="/POWER_ON">
      <node ref="J8" pin="1"/>
      <node ref="D21" pin="2"/>
      <node ref="R4" pin="2"/>
    </net>
    <net code="58" name="/UART_TXD">
      <node ref="D23" pin="2"/>
      <node ref="U4" pin="71"/>
      <node ref="J8" pin="3"/>
    </net>
    <net code="59" name="/RESET">
      <node ref="D22" pin="2"/>
      <node ref="J8" pin="2"/>
      <node ref="C11" pin="1"/>
      <node ref="U4" pin="4"/>
      <node ref="R13" pin="1"/>
    </net>
    <net code="60" name="Net-(C37-Pad1)">
      <node ref="U4" pin="42"/>
      <node ref="C37" pin="1"/>
    </net>
    <net code="61" name="Net-(C36-Pad1)">
      <node ref="R5" pin="2"/>
      <node ref="U2" pin="4"/>
      <node ref="R6" pin="1"/>
      <node ref="C36" pin="1"/>
    </net>
    <net code="62" name="Net-(Q1-Pad1)">
      <node ref="Q1" pin="1"/>
      <node ref="R4" pin="1"/>
      <node ref="R7" pin="2"/>
    </net>
    <net code="63" name="Net-(Q1-Pad3)">
      <node ref="Q1" pin="3"/>
      <node ref="U4" pin="3"/>
    </net>
    <net code="64" name="Net-(C1-Pad1)">
      <node ref="C1" pin="1"/>
      <node ref="U2" pin="1"/>
      <node ref="C2" pin="1"/>
      <node ref="D2" pin="1"/>
    </net>
    <net code="65" name="Net-(D3-Pad1)">
      <node ref="L1" pin="1"/>
      <node ref="U2" pin="2"/>
      <node ref="D3" pin="1"/>
    </net>
    <net code="66" name="Net-(C5-Pad1)">
      <node ref="L1" pin="2"/>
      <node ref="C6" pin="1"/>
      <node ref="C5" pin="1"/>
      <node ref="L2" pin="1"/>
      <node ref="R5" pin="1"/>
    </net>
    <net code="67" name="Net-(U4-Pad44)">
      <node ref="U4" pin="44"/>
    </net>
    <net code="68" name="Net-(J3-Pad6)">
      <node ref="J3" pin="6"/>
    </net>
    <net code="69" name="GND">
      <node ref="J1" pin="2"/>
      <node ref="D1" pin="2"/>
      <node ref="U4" pin="65"/>
      <node ref="C31" pin="1"/>
      <node ref="U4" pin="43"/>
      <node ref="C11" pin="2"/>
      <node ref="AE1" pin="2"/>
      <node ref="U4" pin="10"/>
      <node ref="U4" pin="2"/>
      <node ref="U4" pin="14"/>
      <node ref="U4" pin="61"/>
      <node ref="U4" pin="40"/>
      <node ref="U4" pin="60"/>
      <node ref="U4" pin="58"/>
      <node ref="U4" pin="1"/>
      <node ref="U4" pin="37"/>
      <node ref="U4" pin="57"/>
      <node ref="C32" pin="1"/>
      <node ref="L5" pin="1"/>
      <node ref="L6" pin="1"/>
      <node ref="R11" pin="1"/>
      <node ref="U2" pin="3"/>
      <node ref="Q2" pin="2"/>
      <node ref="U4" pin="5"/>
      <node ref="U1" pin="2"/>
      <node ref="U4" pin="64"/>
      <node ref="J2" pin="5"/>
      <node ref="J2" pin="6"/>
      <node ref="D4" pin="2"/>
      <node ref="D5" pin="1"/>
      <node ref="C4" pin="2"/>
      <node ref="C3" pin="2"/>
      <node ref="C13" pin="1"/>
      <node ref="J8" pin="7"/>
      <node ref="J8" pin="8"/>
      <node ref="J6" pin="1"/>
      <node ref="D11" pin="2"/>
      <node ref="C15" pin="2"/>
      <node ref="C34" pin="1"/>
      <node ref="C16" pin="2"/>
      <node ref="C20" pin="1"/>
      <node ref="C35" pin="1"/>
      <node ref="C24" pin="2"/>
      <node ref="C25" pin="2"/>
      <node ref="C30" pin="1"/>
      <node ref="D17" pin="1"/>
      <node ref="C29" pin="1"/>
      <node ref="C7" pin="2"/>
      <node ref="C8" pin="2"/>
      <node ref="C19" pin="1"/>
      <node ref="C12" pin="1"/>
      <node ref="U3" pin="2"/>
      <node ref="C22" pin="1"/>
      <node ref="C21" pin="2"/>
      <node ref="U4" pin="80"/>
      <node ref="U4" pin="78"/>
      <node ref="U4" pin="77"/>
      <node ref="U2" pin="5"/>
      <node ref="D19" pin="1"/>
      <node ref="D18" pin="2"/>
      <node ref="C36" pin="2"/>
      <node ref="R6" pin="2"/>
      <node ref="D26" pin="1"/>
      <node ref="C37" pin="2"/>
      <node ref="D21" pin="1"/>
      <node ref="D23" pin="1"/>
      <node ref="D25" pin="1"/>
      <node ref="D24" pin="1"/>
      <node ref="D22" pin="1"/>
      <node ref="J3" pin="5"/>
      <node ref="AE2" pin="2"/>
      <node ref="D6" pin="1"/>
      <node ref="J9" pin="5"/>
      <node ref="U4" pin="41"/>
      <node ref="J7" pin="6"/>
      <node ref="J11" pin="10"/>
      <node ref="C23" pin="2"/>
      <node ref="C26" pin="2"/>
      <node ref="C1" pin="2"/>
      <node ref="C5" pin="2"/>
      <node ref="C2" pin="2"/>
      <node ref="D3" pin="2"/>
      <node ref="Q1" pin="2"/>
      <node ref="C6" pin="2"/>
      <node ref="R7" pin="1"/>
    </net>
    <net code="70" name="/USB_VBUS">
      <node ref="U4" pin="11"/>
      <node ref="U1" pin="6"/>
      <node ref="J2" pin="1"/>
    </net>
    <net code="71" name="/USIM_CLK">
      <node ref="U4" pin="19"/>
      <node ref="R2" pin="1"/>
    </net>
    <net code="72" name="/USIM_RST">
      <node ref="R1" pin="1"/>
      <node ref="U4" pin="18"/>
    </net>
    <net code="73" name="/USIM_DATA">
      <node ref="R3" pin="1"/>
      <node ref="U4" pin="17"/>
    </net>
    <net code="74" name="Net-(J2-Pad4)">
      <node ref="J2" pin="4"/>
    </net>
    <net code="75" name="/V_USIM">
      <node ref="U4" pin="20"/>
      <node ref="C3" pin="1"/>
      <node ref="C4" pin="1"/>
      <node ref="U3" pin="4"/>
      <node ref="J3" pin="1"/>
    </net>
    <net code="76" name="Net-(F1-Pad2)">
      <node ref="F1" pin="2"/>
      <node ref="J1" pin="1"/>
    </net>
    <net code="77" name="Net-(D1-Pad1)">
      <node ref="D1" pin="1"/>
      <node ref="D2" pin="2"/>
      <node ref="F1" pin="1"/>
    </net>
    <net code="78" name="/SPK_P">
      <node ref="U4" pin="22"/>
      <node ref="L4" pin="1"/>
    </net>
    <net code="79" name="/EAR1P">
      <node ref="L10" pin="1"/>
      <node ref="U4" pin="26"/>
    </net>
    <net code="80" name="/EAR1N">
      <node ref="L9" pin="1"/>
      <node ref="U4" pin="25"/>
    </net>
    <net code="81" name="/MIC1N">
      <node ref="U4" pin="24"/>
      <node ref="L8" pin="1"/>
    </net>
    <net code="82" name="/MIC1P">
      <node ref="L7" pin="1"/>
      <node ref="U4" pin="23"/>
    </net>
    <net code="83" name="/SPK_M">
      <node ref="L3" pin="1"/>
      <node ref="U4" pin="21"/>
    </net>
    <net code="84" name="Net-(J3-Pad2)">
      <node ref="J3" pin="2"/>
      <node ref="U3" pin="1"/>
      <node ref="R1" pin="2"/>
    </net>
    <net code="85" name="Net-(U3-Pad3)">
      <node ref="U3" pin="3"/>
    </net>
    <net code="86" name="Net-(C10-Pad2)">
      <node ref="C9" pin="2"/>
      <node ref="L3" pin="2"/>
      <node ref="C8" pin="1"/>
      <node ref="C7" pin="1"/>
      <node ref="C10" pin="2"/>
      <node ref="J4" pin="2"/>
      <node ref="D4" pin="1"/>
    </net>
    <net code="87" name="Net-(C10-Pad1)">
      <node ref="C10" pin="1"/>
      <node ref="D5" pin="2"/>
      <node ref="J4" pin="1"/>
      <node ref="C9" pin="1"/>
      <node ref="C12" pin="2"/>
      <node ref="C13" pin="2"/>
      <node ref="L4" pin="2"/>
    </net>
    <net code="88" name="/EAR+">
      <node ref="C28" pin="1"/>
      <node ref="C30" pin="2"/>
      <node ref="D19" pin="2"/>
      <node ref="C35" pin="2"/>
      <node ref="C34" pin="2"/>
      <node ref="C33" pin="1"/>
      <node ref="C29" pin="2"/>
      <node ref="L10" pin="2"/>
      <node ref="C27" pin="1"/>
    </net>
    <net code="89" name="/EAR-">
      <node ref="C27" pin="2"/>
      <node ref="L9" pin="2"/>
      <node ref="D18" pin="1"/>
      <node ref="C25" pin="1"/>
      <node ref="C28" pin="2"/>
      <node ref="C24" pin="1"/>
    </net>
    <net code="90" name="/MIC-">
      <node ref="C19" pin="2"/>
      <node ref="L8" pin="2"/>
      <node ref="C18" pin="1"/>
      <node ref="C17" pin="1"/>
      <node ref="D17" pin="2"/>
      <node ref="C20" pin="2"/>
    </net>
  </nets>
</export>
